ID,Category,Question,Conditions
1,Cutoff,I have 180 cutoff. Which colleges can I get?,"cutoff=180"
2,Cutoff,What colleges can I get with 170 cutoff?,"cutoff=170"
3,Cutoff,My cutoff is 185.5. Give me college options.,"cutoff=185.5"
4,Cutoff,Which colleges are possible for 160 cutoff?,"cutoff=160"
5,Cutoff,175 cutoff which college i can get,"cutoff=175"
6,Cutoff,I scored 190 in cutoff. What are my options?,"cutoff=190"
7,Cutoff,colleges for 155 cutoff,"cutoff=155"
8,Cutoff,My cutoff is 178. Which engineering colleges can I apply?,"cutoff=178"
9,Cutoff,Show colleges suitable for 165 cutoff.,"cutoff=165"
10,Cutoff,What are my options with 172 cutoff?,"cutoff=172"
11,Cutoff,I have 182 cutoff. Suggest some colleges.,"cutoff=182"
12,Cutoff,150 cutoff any good college?,"cutoff=150"
13,Cutoff,My cutoff is 168. Which college should I choose?,"cutoff=168"
14,Cutoff,With 185 cutoff how many colleges I can get?,"cutoff=185"
15,Cutoff,I got 176.5 in cutoff. Any suggestions?,"cutoff=176.5"
16,Cutoff,Colleges for 157 cutoff?,"cutoff=157"
17,Cutoff,cutoff 192 which college?,"cutoff=192"
18,Cutoff,I have 163 cutoff. Is it enough for engineering?,"cutoff=163"
19,Cutoff,Show me colleges for 145 cutoff.,"cutoff=145"
20,Cutoff,I got 188. What are the best colleges available?,"cutoff=188"
21,Cutoff,My mark is 177. Which colleges to apply?,"cutoff=177"
22,Cutoff,Possible colleges for 162 cutoff?,"cutoff=162"
23,Cutoff,I have 174 cutoff. Give me list of colleges.,"cutoff=174"
24,Cutoff,200 cutoff college options?,"cutoff=200"
25,Cutoff,colleges list for 158 cutoff,"cutoff=158"
26,Cutoff,I have cutoff of 183. What engineering colleges are available?,"cutoff=183"
27,Cutoff,With 169 cutoff which colleges can I join?,"cutoff=169"
28,Cutoff,My cutoff is 195. Suggest top colleges.,"cutoff=195"
29,Cutoff,I got 152 cutoff. Any college possible?,"cutoff=152"
30,Cutoff,colleges for 171 cutoff in tamilnadu?,"cutoff=171"
31,Cutoff,I have 186 cutoff what are my options?,"cutoff=186"
32,Cutoff,Give me college list for 161 cutoff.,"cutoff=161"
33,Cutoff,Which colleges can I get with 179 cutoff?,"cutoff=179"
34,Cutoff,I scored 164. Is it enough for a good college?,"cutoff=164"
35,Cutoff,Show all colleges for 193 cutoff.,"cutoff=193"
36,Cutoff,My cutoff 156 any college?,"cutoff=156"
37,Cutoff,I have 181 cutoff. Tell me which colleges I qualify.,"cutoff=181"
38,Cutoff,148 cutoff engineering admission possible?,"cutoff=148"
39,Cutoff,What colleges accept 187 cutoff?,"cutoff=187"
40,Cutoff,With cutoff 173 which college to choose?,"cutoff=173"
41,Cutoff,I have 166 cutoff any good options?,"cutoff=166"
42,Cutoff,My cutoff is 191. Which top colleges can I apply for?,"cutoff=191"
43,Cutoff,Colleges for 153 cutoff please suggest.,"cutoff=153"
44,Cutoff,I got 184 cutoff. What colleges should I target?,"cutoff=184"
45,Cutoff,What are the colleges for 167 cutoff?,"cutoff=167"
46,Cutoff,I have 189 cutoff. Tell me good colleges.,"cutoff=189"
47,Cutoff,colleges available for 159 cutoff?,"cutoff=159"
48,Cutoff,My cutoff 196. Which colleges are the best?,"cutoff=196"
49,Cutoff,I have 154 cutoff. Is any good college available?,"cutoff=154"
50,Cutoff,Show colleges for 180.5 cutoff.,"cutoff=180.5"
51,Cutoff,I have 175.5 cutoff. Suggest colleges.,"cutoff=175.5"
52,Cutoff,What colleges can 160.5 cutoff get?,"cutoff=160.5"
53,Cutoff,Colleges list for 170.5 cutoff?,"cutoff=170.5"
54,Cutoff,I got 185.5 in cutoff. Give college list.,"cutoff=185.5"
55,Cutoff,My cutoff is 155.5 any options?,"cutoff=155.5"
56,Cutoff,Which college for 190.5 cutoff?,"cutoff=190.5"
57,Cutoff,Give me colleges for 165.5 cutoff.,"cutoff=165.5"
58,Cutoff,I have 197 cutoff. What colleges I can target?,"cutoff=197"
59,Cutoff,colleges for 143 cutoff?,"cutoff=143"
60,Cutoff,My cutoff 198. Show top options.,"cutoff=198"
61,Cutoff,I got 147 cutoff any college possible in tamilnadu?,"cutoff=147"
62,Cutoff,What is the expected cutoff for government colleges this year?,"cutoff=general"
63,Cutoff,Which colleges closed at 199 last year?,"cutoff=199"
64,Cutoff,I have 176 cutoff. How many colleges I can get?,"cutoff=176"
65,Cutoff,My cutoff is 146. Please suggest any college.,"cutoff=146"
66,Cutoff,Colleges for 194 cutoff?,"cutoff=194"
67,Cutoff,I have 169.5 cutoff. Is there any good college?,"cutoff=169.5"
68,Cutoff,Show me colleges I can get with 183.5 cutoff.,"cutoff=183.5"
69,Cutoff,I got 160 in cutoff. Any self-financing colleges?,"cutoff=160"
70,Cutoff,My cutoff is 174.5. Give safe options.,"cutoff=174.5"
71,Cutoff,I have 199.5 cutoff. Best college?,"cutoff=199.5"
72,Cutoff,Colleges for 149 cutoff in Tamil Nadu?,"cutoff=149"
73,Cutoff,My cutoff is 189.5. What can I get?,"cutoff=189.5"
74,Cutoff,Which colleges possible for 151 cutoff?,"cutoff=151"
75,Cutoff,I have 177.5 cutoff. What to choose?,"cutoff=177.5"
76,Cutoff,Colleges for 163.5 cutoff?,"cutoff=163.5"
77,Cutoff,I scored 192.5 cutoff. Show options.,"cutoff=192.5"
78,Cutoff,My cutoff is 157.5. Any engineering college?,"cutoff=157.5"
79,Cutoff,I have 186.5 cutoff. Which colleges can I target?,"cutoff=186.5"
80,Cutoff,Colleges for 144 cutoff?,"cutoff=144"
81,Cutoff,I got 178.5. Give me college options.,"cutoff=178.5"
82,Cutoff,My cutoff is 141. Is any college possible?,"cutoff=141"
83,Cutoff,I have 172.5 cutoff. Suggest colleges.,"cutoff=172.5"
84,Cutoff,Which colleges for 168.5 cutoff?,"cutoff=168.5"
85,Cutoff,My cutoff 197.5. Show colleges.,"cutoff=197.5"
86,Cutoff,I have 142 cutoff. Which colleges to apply?,"cutoff=142"
87,Cutoff,Colleges for 182.5 cutoff?,"cutoff=182.5"
88,Cutoff,I got 161.5 cutoff. Give me options.,"cutoff=161.5"
89,Cutoff,My cutoff is 171.5. Which colleges?,"cutoff=171.5"
90,Cutoff,I have 188.5 cutoff. Show top colleges.,"cutoff=188.5"
91,Cutoff,What colleges for 153.5 cutoff?,"cutoff=153.5"
92,Cutoff,I have 193.5 cutoff. Which top colleges can I get?,"cutoff=193.5"
93,Cutoff,My cutoff 158.5 any options?,"cutoff=158.5"
94,Cutoff,I got 179.5 cutoff. Show colleges.,"cutoff=179.5"
95,Cutoff,colleges for 184.5 cutoff?,"cutoff=184.5"
96,Cutoff,I have 162.5 cutoff. Can I get any government college?,"cutoff=162.5"
97,Cutoff,My cutoff is 173.5. What engineering colleges?,"cutoff=173.5"
98,Cutoff,I got 167.5 cutoff. Which to choose?,"cutoff=167.5"
99,Cutoff,Colleges for 187.5 cutoff?,"cutoff=187.5"
100,Cutoff,I have 156.5 cutoff. Any good college near my area?,"cutoff=156.5"
101,Branch,Which colleges offer CSE?,"branch=CSE"
102,Branch,Show me colleges with IT branch.,"branch=Information Technology"
103,Branch,Which colleges have ECE branch?,"branch=ECE"
104,Branch,Colleges offering EEE branch in Tamil Nadu?,"branch=EEE"
105,Branch,I want Mechanical Engineering. Which colleges offer it?,"branch=Mechanical Engineering"
106,Branch,Show Civil Engineering colleges.,"branch=Civil Engineering"
107,Branch,Which colleges offer Chemical Engineering?,"branch=Chemical Engineering"
108,Branch,Give me colleges with Petrochemical Engineering branch.,"branch=Petrochemical Engineering"
109,Branch,Biotechnology colleges in Tamil Nadu?,"branch=Biotechnology"
110,Branch,Biomedical Engineering colleges list?,"branch=Biomedical Engineering"
111,Branch,Which colleges have AI & Data Science branch?,"branch=AI & Data Science"
112,Branch,Show AI & ML colleges in Tamil Nadu.,"branch=AI & ML"
113,Branch,Automobile Engineering colleges list?,"branch=Automobile Engineering"
114,Branch,Which colleges offer Aeronautical Engineering?,"branch=Aeronautical Engineering"
115,Branch,Show me Mechatronics colleges.,"branch=Mechatronics"
116,Branch,Food Technology colleges in Tamil Nadu?,"branch=Food Technology"
117,Branch,Which colleges offer Industrial Engineering?,"branch=Industrial Engineering"
118,Branch,Robotics and Automation colleges list?,"branch=Robotics and Automation"
119,Branch,Which colleges offer AI&DS branch?,"branch=AI & Data Science"
120,Branch,I want to study CSE. Which are the best colleges?,"branch=CSE"
121,Branch,Give me a list of Mechanical Engineering colleges.,"branch=Mechanical Engineering"
122,Branch,Which colleges are available for IT branch?,"branch=Information Technology"
123,Branch,I want Chemical Engineering. Which colleges have it?,"branch=Chemical Engineering"
124,Branch,Show me ECE colleges in Tamil Nadu.,"branch=ECE"
125,Branch,Petrochemical Engineering college list?,"branch=Petrochemical Engineering"
126,Branch,Which colleges offer Biomedical Engineering?,"branch=Biomedical Engineering"
127,Branch,I want Biotechnology. Which colleges should I apply?,"branch=Biotechnology"
128,Branch,AI&ML colleges available in Tamil Nadu?,"branch=AI & ML"
129,Branch,Which colleges have Mechatronics?,"branch=Mechatronics"
130,Branch,Show all colleges with Aeronautical Engineering.,"branch=Aeronautical Engineering"
131,Branch,Automobile Engineering colleges in Tamil Nadu?,"branch=Automobile Engineering"
132,Branch,Give me colleges with Food Technology branch.,"branch=Food Technology"
133,Branch,Which colleges offer Robotics and Automation?,"branch=Robotics and Automation"
134,Branch,EEE colleges list?,"branch=EEE"
135,Branch,Which colleges have Civil Engineering branch?,"branch=Civil Engineering"
136,Branch,I need colleges that offer Industrial Engineering.,"branch=Industrial Engineering"
137,Branch,Show me CSE colleges only.,"branch=CSE"
138,Branch,Best colleges for ECE branch?,"branch=ECE"
139,Branch,I want to study AI. Which branches are available?,"branch=AI & Data Science"
140,Branch,Mechanical or Civil which branch has more colleges?,"branch=Mechanical Engineering, branch=Civil Engineering"
141,Branch,Show all IT branch colleges.,"branch=Information Technology"
142,Branch,Any college offering Marine Engineering?,"branch=Marine Engineering"
143,Branch,Which colleges offer Textile Technology?,"branch=Textile Technology"
144,Branch,Printing Technology colleges in Tamil Nadu?,"branch=Printing Technology"
145,Branch,Which colleges offer Computer Science and Business Systems?,"branch=CSBS"
146,Branch,Give me colleges with Data Science branch.,"branch=Data Science"
147,Branch,Which colleges have Cyber Security branch?,"branch=Cyber Security"
148,Branch,Show colleges with Cloud Computing course.,"branch=Cloud Computing"
149,Branch,Which colleges offer Electronics and Instrumentation?,"branch=Electronics and Instrumentation"
150,Branch,I want to study Chemical Engineering. Which colleges offer it?,"branch=Chemical Engineering"
151,Branch,CSE colleges which are the top?,"branch=CSE"
152,Branch,ECE branches available in which colleges?,"branch=ECE"
153,Branch,I want AI&DS which college?,"branch=AI & Data Science"
154,Branch,Petrochemical engineering colleges list?,"branch=Petrochemical Engineering"
155,Branch,which college offers biotechnology?,"branch=Biotechnology"
156,Branch,Mechanical engineering college nearby?,"branch=Mechanical Engineering"
157,Branch,IT branch colleges in tamilnadu,"branch=Information Technology"
158,Branch,I want to do EEE which college is best?,"branch=EEE"
159,Branch,Civil engineering good or Mechanical which to choose?,"branch=Civil Engineering, branch=Mechanical Engineering"
160,Branch,Which college has good aeronautical engineering?,"branch=Aeronautical Engineering"
161,Branch,Biomedical engineering best college?,"branch=Biomedical Engineering"
162,Branch,Mechatronics engineering which college?,"branch=Mechatronics"
163,Branch,Food Technology which college in Tamil Nadu?,"branch=Food Technology"
164,Branch,Robotics automation which colleges offer?,"branch=Robotics and Automation"
165,Branch,Industrial engineering college list please?,"branch=Industrial Engineering"
166,Branch,automobile engineering which college best?,"branch=Automobile Engineering"
167,Branch,AI ML colleges where?,"branch=AI & ML"
168,Branch,Chemical engineering college suggestions?,"branch=Chemical Engineering"
169,Branch,CSE or AI&DS which is better to study?,"branch=CSE, branch=AI & Data Science"
170,Branch,Which branches have more job opportunities?,"branch=general"
171,Branch,Give me colleges that offer both CSE and AI&DS.,"branch=CSE, branch=AI & Data Science"
172,Branch,Which colleges have ECE and have good labs?,"branch=ECE"
173,Branch,I want Biotechnology or Biomedical. Which colleges?,"branch=Biotechnology, branch=Biomedical Engineering"
174,Branch,Colleges offering Software Engineering branch?,"branch=Software Engineering"
175,Branch,Which is the most demanded branch now?,"branch=general"
176,Branch,Show colleges with new age branches like AI and Robotics.,"branch=AI & Data Science, branch=Robotics and Automation"
177,Branch,ECE EEE which is better?,"branch=ECE, branch=EEE"
178,Branch,Which colleges offer both Mechanical and Automobile?,"branch=Mechanical Engineering, branch=Automobile Engineering"
179,Branch,CSE colleges that have specialization in AI?,"branch=CSE"
180,Branch,Which is better Petrochemical or Chemical Engineering?,"branch=Petrochemical Engineering, branch=Chemical Engineering"
181,Branch,Give me colleges offering Mechatronics Engineering.,"branch=Mechatronics"
182,Branch,Which colleges have B.Tech programs in AI?,"branch=AI & Data Science"
183,Branch,Show all colleges that offer Aeronautical Engineering.,"branch=Aeronautical Engineering"
184,Branch,Biotechnology vs Biomedical which has better scope?,"branch=Biotechnology, branch=Biomedical Engineering"
185,Branch,I want to study ECE. Which good colleges?,"branch=ECE"
186,Branch,Colleges offering cyber security branch?,"branch=Cyber Security"
187,Branch,Which colleges have CSBS course?,"branch=CSBS"
188,Branch,Industrial Engineering colleges where?,"branch=Industrial Engineering"
189,Branch,Civil Engineering scope and colleges?,"branch=Civil Engineering"
190,Branch,Which colleges offer Chemical Engineering with labs?,"branch=Chemical Engineering"
191,Branch,Food Technology worth studying? Which colleges?,"branch=Food Technology"
192,Branch,Robotics Engineering colleges in Tamil Nadu?,"branch=Robotics and Automation"
193,Branch,Marine Engineering colleges list?,"branch=Marine Engineering"
194,Branch,Best EEE colleges in Tamil Nadu?,"branch=EEE"
195,Branch,Which branch between AI and CSE has more jobs?,"branch=AI & Data Science, branch=CSE"
196,Branch,I want to study Mechatronics or Robotics which is best?,"branch=Mechatronics, branch=Robotics and Automation"
197,Branch,Show AI Data Science colleges.,"branch=AI & Data Science"
198,Branch,Which colleges offer all engineering branches?,"branch=general"
199,Branch,Give me colleges offering Biomedical Engineering.,"branch=Biomedical Engineering"
200,Branch,Automobile Engineering good scope? Which colleges?,"branch=Automobile Engineering"
201,District,Which colleges are in Chennai?,"district=Chennai"
202,District,Show me engineering colleges in Coimbatore.,"district=Coimbatore"
203,District,Engineering colleges in Madurai district?,"district=Madurai"
204,District,Which colleges are available in Salem?,"district=Salem"
205,District,Colleges in Tiruchirappalli district?,"district=Tiruchirappalli"
206,District,Show engineering colleges in Tirunelveli.,"district=Tirunelveli"
207,District,Colleges in Erode district?,"district=Erode"
208,District,Engineering colleges in Vellore?,"district=Vellore"
209,District,Which colleges are in Thanjavur?,"district=Thanjavur"
210,District,Colleges in Dindigul?,"district=Dindigul"
211,District,Show colleges in Villupuram.,"district=Villupuram"
212,District,Engineering colleges in Cuddalore district?,"district=Cuddalore"
213,District,Which colleges are in Kanchipuram?,"district=Kanchipuram"
214,District,Colleges in Chengalpattu?,"district=Chengalpattu"
215,District,Engineering colleges in Kallakurichi?,"district=Kallakurichi"
216,District,Which colleges are in Dharmapuri?,"district=Dharmapuri"
217,District,Colleges in Krishnagiri district?,"district=Krishnagiri"
218,District,Engineering colleges in Namakkal?,"district=Namakkal"
219,District,Colleges in Karur?,"district=Karur"
220,District,Show engineering colleges in Sivaganga.,"district=Sivaganga"
221,District,Colleges in Ramanathapuram?,"district=Ramanathapuram"
222,District,Engineering colleges in Virudhunagar?,"district=Virudhunagar"
223,District,Which colleges are in Thoothukudi?,"district=Thoothukudi"
224,District,Colleges in Tenkasi district?,"district=Tenkasi"
225,District,Engineering colleges in Tiruppur?,"district=Tiruppur"
226,District,Colleges in Nilgiris district?,"district=Nilgiris"
227,District,Engineering colleges in Nagapattinam?,"district=Nagapattinam"
228,District,Which colleges are in Mayiladuthurai?,"district=Mayiladuthurai"
229,District,Colleges in Perambalur?,"district=Perambalur"
230,District,Engineering colleges in Ariyalur?,"district=Ariyalur"
231,District,Which colleges are in Tiruvallur?,"district=Tiruvallur"
232,District,Colleges in Ranipet district?,"district=Ranipet"
233,District,Engineering colleges in Tirupattur?,"district=Tirupattur"
234,District,Which colleges near Coimbatore?,"district=Coimbatore"
235,District,Show colleges in and around Chennai.,"district=Chennai"
236,District,Colleges near Madurai?,"district=Madurai"
237,District,Engineering colleges in Salem district?,"district=Salem"
238,District,Which colleges are near Trichy?,"district=Tiruchirappalli"
239,District,Colleges in Tirunelveli area?,"district=Tirunelveli"
240,District,Erode district colleges list?,"district=Erode"
241,District,Colleges in Vellore district?,"district=Vellore"
242,District,Engineering colleges in Thanjavur district?,"district=Thanjavur"
243,District,Colleges near Dindigul?,"district=Dindigul"
244,District,Show me colleges in Villupuram district.,"district=Villupuram"
245,District,Engineering colleges in Kanchipuram?,"district=Kanchipuram"
246,District,Colleges near Chengalpattu?,"district=Chengalpattu"
247,District,Show colleges in North Tamil Nadu districts.,"district=general"
248,District,Colleges in South Tamil Nadu?,"district=general"
249,District,Engineering colleges near Vellore?,"district=Vellore"
250,District,Give me colleges in my district Erode.,"district=Erode"
251,District,Which districts in Tamil Nadu have most engineering colleges?,"district=general"
252,District,colleges in tirupur?,"district=Tiruppur"
253,District,colleges in cuddalore or villupuram?,"district=Cuddalore, district=Villupuram"
254,District,Give me college list for Krishnagiri district.,"district=Krishnagiri"
255,District,Show colleges in Dharmapuri.,"district=Dharmapuri"
256,District,Engineering colleges in Namakkal district?,"district=Namakkal"
257,District,Colleges in Karur or Erode?,"district=Karur, district=Erode"
258,District,Which colleges in Ramanathapuram?,"district=Ramanathapuram"
259,District,Colleges in Virudhunagar area?,"district=Virudhunagar"
260,District,Engineering colleges in Thoothukudi?,"district=Thoothukudi"
261,District,Colleges in Tenkasi?,"district=Tenkasi"
262,District,Which colleges are near Tiruppur district?,"district=Tiruppur"
263,District,Show Nagapattinam colleges.,"district=Nagapattinam"
264,District,Colleges in Mayiladuthurai?,"district=Mayiladuthurai"
265,District,Perambalur colleges?,"district=Perambalur"
266,District,Ariyalur engineering colleges?,"district=Ariyalur"
267,District,Colleges in Tiruvallur?,"district=Tiruvallur"
268,District,Engineering colleges in Ranipet district?,"district=Ranipet"
269,District,Tirupattur colleges?,"district=Tirupattur"
270,District,Sivaganga district engineering colleges?,"district=Sivaganga"
271,District,Colleges near Trichy district?,"district=Tiruchirappalli"
272,District,Which districts have government engineering colleges?,"district=general"
273,District,Kallakurichi colleges?,"district=Kallakurichi"
274,District,Salem and Namakkal colleges?,"district=Salem, district=Namakkal"
275,District,Colleges in western Tamil Nadu?,"district=general"
276,District,I want college near Coimbatore or Erode.,"district=Coimbatore, district=Erode"
277,District,Tirunelveli and Thoothukudi colleges?,"district=Tirunelveli, district=Thoothukudi"
278,District,Colleges in Thanjavur or Tiruchirappalli?,"district=Thanjavur, district=Tiruchirappalli"
279,District,Show me colleges in Vellore or Ranipet.,"district=Vellore, district=Ranipet"
280,District,Engineering colleges in Dindigul or Madurai?,"district=Dindigul, district=Madurai"
281,District,Colleges in Chennai and nearby districts?,"district=Chennai, district=Kanchipuram, district=Chengalpattu"
282,District,Show colleges in Coimbatore nearby areas.,"district=Coimbatore"
283,District,Colleges in Salem nearby?,"district=Salem"
284,District,Madurai nearby colleges?,"district=Madurai"
285,District,Engineering colleges in Tiruchirappalli and Thanjavur?,"district=Tiruchirappalli, district=Thanjavur"
286,District,Colleges in Tirunelveli district list?,"district=Tirunelveli"
287,District,Erode engineering colleges list?,"district=Erode"
288,District,Vellore area colleges list?,"district=Vellore"
289,District,Colleges in central Tamil Nadu?,"district=general"
290,District,Chennai colleges list please?,"district=Chennai"
291,District,Show all colleges in Cuddalore.,"district=Cuddalore"
292,District,Kanchipuram district college list?,"district=Kanchipuram"
293,District,Colleges in Chengalpattu district?,"district=Chengalpattu"
294,District,Virudhunagar and Tenkasi colleges?,"district=Virudhunagar, district=Tenkasi"
295,District,Thoothukudi engineering colleges?,"district=Thoothukudi"
296,District,Nagapattinam district college list?,"district=Nagapattinam"
297,District,Colleges near Mayiladuthurai?,"district=Mayiladuthurai"
298,District,Nilgiris engineering colleges?,"district=Nilgiris"
299,District,Show Krishnagiri engineering colleges.,"district=Krishnagiri"
300,District,Dharmapuri and Krishnagiri colleges?,"district=Dharmapuri, district=Krishnagiri"
301,Branch + District,Which CSE colleges are available in Coimbatore?,"branch=CSE, district=Coimbatore"
302,Branch + District,Which Chemical Engineering colleges are in Villupuram?,"branch=Chemical Engineering, district=Villupuram"
303,Branch + District,Show ECE colleges in Chennai.,"branch=ECE, district=Chennai"
304,Branch + District,Which Mechanical colleges are available in Salem?,"branch=Mechanical Engineering, district=Salem"
305,Branch + District,Give me Petrochemical Engineering colleges in Villupuram district.,"branch=Petrochemical Engineering, district=Villupuram"
306,Branch + District,CSE colleges in Madurai?,"branch=CSE, district=Madurai"
307,Branch + District,ECE colleges in Coimbatore?,"branch=ECE, district=Coimbatore"
308,Branch + District,Mechanical Engineering colleges in Tiruchirappalli?,"branch=Mechanical Engineering, district=Tiruchirappalli"
309,Branch + District,Civil Engineering colleges in Tirunelveli?,"branch=Civil Engineering, district=Tirunelveli"
310,Branch + District,EEE colleges in Salem?,"branch=EEE, district=Salem"
311,Branch + District,Which IT branch colleges are in Vellore?,"branch=Information Technology, district=Vellore"
312,Branch + District,AI & Data Science colleges in Chennai?,"branch=AI & Data Science, district=Chennai"
313,Branch + District,Biotechnology colleges in Coimbatore?,"branch=Biotechnology, district=Coimbatore"
314,Branch + District,Biomedical Engineering colleges in Chennai?,"branch=Biomedical Engineering, district=Chennai"
315,Branch + District,Aeronautical Engineering colleges in Kanchipuram?,"branch=Aeronautical Engineering, district=Kanchipuram"
316,Branch + District,Automobile Engineering colleges in Coimbatore?,"branch=Automobile Engineering, district=Coimbatore"
317,Branch + District,AI & ML colleges in Chengalpattu?,"branch=AI & ML, district=Chengalpattu"
318,Branch + District,Mechatronics colleges in Erode?,"branch=Mechatronics, district=Erode"
319,Branch + District,Food Technology colleges in Thanjavur?,"branch=Food Technology, district=Thanjavur"
320,Branch + District,Robotics colleges in Chennai?,"branch=Robotics and Automation, district=Chennai"
321,Branch + District,CSE colleges in Tiruchirappalli?,"branch=CSE, district=Tiruchirappalli"
322,Branch + District,ECE colleges in Madurai?,"branch=ECE, district=Madurai"
323,Branch + District,Mechanical Engineering colleges in Coimbatore?,"branch=Mechanical Engineering, district=Coimbatore"
324,Branch + District,Civil Engineering colleges in Chennai?,"branch=Civil Engineering, district=Chennai"
325,Branch + District,EEE colleges in Coimbatore?,"branch=EEE, district=Coimbatore"
326,Branch + District,IT colleges in Madurai?,"branch=Information Technology, district=Madurai"
327,Branch + District,Chemical Engineering colleges in Cuddalore?,"branch=Chemical Engineering, district=Cuddalore"
328,Branch + District,Petrochemical Engineering colleges in Cuddalore?,"branch=Petrochemical Engineering, district=Cuddalore"
329,Branch + District,Biotechnology colleges in Thanjavur?,"branch=Biotechnology, district=Thanjavur"
330,Branch + District,Biomedical Engineering colleges in Coimbatore?,"branch=Biomedical Engineering, district=Coimbatore"
331,Branch + District,CSE colleges in Tirunelveli?,"branch=CSE, district=Tirunelveli"
332,Branch + District,AI&DS colleges in Coimbatore?,"branch=AI & Data Science, district=Coimbatore"
333,Branch + District,ECE colleges in Tirunelveli?,"branch=ECE, district=Tirunelveli"
334,Branch + District,Mechanical Engineering in Dindigul colleges?,"branch=Mechanical Engineering, district=Dindigul"
335,Branch + District,CSE colleges in Salem?,"branch=CSE, district=Salem"
336,Branch + District,ECE in Vellore colleges?,"branch=ECE, district=Vellore"
337,Branch + District,Mechanical Engineering in Erode?,"branch=Mechanical Engineering, district=Erode"
338,Branch + District,CSE colleges in Erode?,"branch=CSE, district=Erode"
339,Branch + District,AI&ML colleges in Chennai?,"branch=AI & ML, district=Chennai"
340,Branch + District,EEE colleges in Tiruchirappalli?,"branch=EEE, district=Tiruchirappalli"
341,Branch + District,Chemical Engineering colleges in Madurai?,"branch=Chemical Engineering, district=Madurai"
342,Branch + District,Civil Engineering in Salem?,"branch=Civil Engineering, district=Salem"
343,Branch + District,Aerospace Engineering colleges in Chennai?,"branch=Aeronautical Engineering, district=Chennai"
344,Branch + District,Mechatronics Engineering in Coimbatore?,"branch=Mechatronics, district=Coimbatore"
345,Branch + District,Biotechnology in Madurai?,"branch=Biotechnology, district=Madurai"
346,Branch + District,Automobile Engineering in Chennai?,"branch=Automobile Engineering, district=Chennai"
347,Branch + District,IT colleges in Coimbatore?,"branch=Information Technology, district=Coimbatore"
348,Branch + District,Robotics Engineering in Coimbatore?,"branch=Robotics and Automation, district=Coimbatore"
349,Branch + District,Chemical Engineering in Salem district?,"branch=Chemical Engineering, district=Salem"
350,Branch + District,CSE colleges near Kanchipuram?,"branch=CSE, district=Kanchipuram"
351,Branch + District,CSE colleges in Thanjavur?,"branch=CSE, district=Thanjavur"
352,Branch + District,ECE colleges in Dharmapuri?,"branch=ECE, district=Dharmapuri"
353,Branch + District,Mechanical Engineering in Namakkal?,"branch=Mechanical Engineering, district=Namakkal"
354,Branch + District,Civil Engineering colleges in Tiruppur?,"branch=Civil Engineering, district=Tiruppur"
355,Branch + District,EEE colleges in Krishnagiri?,"branch=EEE, district=Krishnagiri"
356,Branch + District,AI&DS in Madurai colleges?,"branch=AI & Data Science, district=Madurai"
357,Branch + District,CSE colleges in Karur?,"branch=CSE, district=Karur"
358,Branch + District,Biotechnology in Villupuram?,"branch=Biotechnology, district=Villupuram"
359,Branch + District,Mechanical Engineering in Thoothukudi?,"branch=Mechanical Engineering, district=Thoothukudi"
360,Branch + District,ECE in Tiruppur colleges?,"branch=ECE, district=Tiruppur"
361,Branch + District,CSE colleges in Chengalpattu?,"branch=CSE, district=Chengalpattu"
362,Branch + District,Chemical Engineering in Nagapattinam?,"branch=Chemical Engineering, district=Nagapattinam"
363,Branch + District,IT colleges in Salem?,"branch=Information Technology, district=Salem"
364,Branch + District,Mechanical Engineering in Madurai?,"branch=Mechanical Engineering, district=Madurai"
365,Branch + District,Civil Engineering in Trichy?,"branch=Civil Engineering, district=Tiruchirappalli"
366,Branch + District,EEE colleges in Tirunelveli?,"branch=EEE, district=Tirunelveli"
367,Branch + District,CSE in Krishnagiri district?,"branch=CSE, district=Krishnagiri"
368,Branch + District,Biomedical Engineering in Madurai?,"branch=Biomedical Engineering, district=Madurai"
369,Branch + District,Food Technology colleges in Coimbatore?,"branch=Food Technology, district=Coimbatore"
370,Branch + District,AI&ML in Coimbatore colleges?,"branch=AI & ML, district=Coimbatore"
371,Branch + District,Industrial Engineering in Chennai?,"branch=Industrial Engineering, district=Chennai"
372,Branch + District,Aeronautical Engineering in Tirunelveli?,"branch=Aeronautical Engineering, district=Tirunelveli"
373,Branch + District,Automobile Engineering in Salem?,"branch=Automobile Engineering, district=Salem"
374,Branch + District,Mechatronics Engineering in Salem?,"branch=Mechatronics, district=Salem"
375,Branch + District,CSE colleges in Tirupattur?,"branch=CSE, district=Tirupattur"
376,Branch + District,IT colleges in Tiruchirappalli?,"branch=Information Technology, district=Tiruchirappalli"
377,Branch + District,ECE colleges in Namakkal?,"branch=ECE, district=Namakkal"
378,Branch + District,Mechanical Engineering in Tirunelveli?,"branch=Mechanical Engineering, district=Tirunelveli"
379,Branch + District,Civil Engineering in Madurai?,"branch=Civil Engineering, district=Madurai"
380,Branch + District,Biotechnology colleges in Chennai?,"branch=Biotechnology, district=Chennai"
381,Branch + District,EEE in Erode colleges?,"branch=EEE, district=Erode"
382,Branch + District,CSE in Dindigul district?,"branch=CSE, district=Dindigul"
383,Branch + District,IT colleges in Tirunelveli?,"branch=Information Technology, district=Tirunelveli"
384,Branch + District,Mechanical Engineering in Kanchipuram?,"branch=Mechanical Engineering, district=Kanchipuram"
385,Branch + District,AI&DS in Salem?,"branch=AI & Data Science, district=Salem"
386,Branch + District,ECE in Erode?,"branch=ECE, district=Erode"
387,Branch + District,Chemical Engineering in Thoothukudi?,"branch=Chemical Engineering, district=Thoothukudi"
388,Branch + District,Civil Engineering in Vellore?,"branch=Civil Engineering, district=Vellore"
389,Branch + District,CSE colleges in Thoothukudi?,"branch=CSE, district=Thoothukudi"
390,Branch + District,Mechanical Engineering in Krishnagiri?,"branch=Mechanical Engineering, district=Krishnagiri"
391,Branch + District,EEE in Kanchipuram?,"branch=EEE, district=Kanchipuram"
392,Branch + District,ECE in Chennai area colleges?,"branch=ECE, district=Chennai"
393,Branch + District,CSE colleges in Kallakurichi?,"branch=CSE, district=Kallakurichi"
394,Branch + District,Biotechnology in Erode?,"branch=Biotechnology, district=Erode"
395,Branch + District,IT in Vellore?,"branch=Information Technology, district=Vellore"
396,Branch + District,Mechanical Engineering colleges in Namakkal?,"branch=Mechanical Engineering, district=Namakkal"
397,Branch + District,AI&DS in Tirunelveli colleges?,"branch=AI & Data Science, district=Tirunelveli"
398,Branch + District,ECE in Kanchipuram?,"branch=ECE, district=Kanchipuram"
399,Branch + District,Mechatronics in Madurai?,"branch=Mechatronics, district=Madurai"
400,Branch + District,CSE in Tiruvallur?,"branch=CSE, district=Tiruvallur"
401,Cutoff + Branch,With 180 cutoff which CSE colleges can I get?,"cutoff=180, branch=CSE"
402,Cutoff + Branch,Which ECE colleges can I get with 170?,"cutoff=170, branch=ECE"
403,Cutoff + Branch,I have 160 cutoff. What Mechanical colleges are possible?,"cutoff=160, branch=Mechanical Engineering"
404,Cutoff + Branch,Which Chemical Engineering colleges are possible with 175 cutoff?,"cutoff=175, branch=Chemical Engineering"
405,Cutoff + Branch,CSE colleges for 185 cutoff?,"cutoff=185, branch=CSE"
406,Cutoff + Branch,I have 165 cutoff. Which EEE colleges can I get?,"cutoff=165, branch=EEE"
407,Cutoff + Branch,Petrochemical Engineering colleges for 170 cutoff?,"cutoff=170, branch=Petrochemical Engineering"
408,Cutoff + Branch,I have 175 cutoff. Show me AI&DS colleges.,"cutoff=175, branch=AI & Data Science"
409,Cutoff + Branch,IT colleges possible for 180 cutoff?,"cutoff=180, branch=Information Technology"
410,Cutoff + Branch,I have 155 cutoff. Which Civil Engineering colleges can I get?,"cutoff=155, branch=Civil Engineering"
411,Cutoff + Branch,Biotechnology colleges for 165 cutoff?,"cutoff=165, branch=Biotechnology"
412,Cutoff + Branch,I have 185 cutoff. Show Biomedical Engineering colleges.,"cutoff=185, branch=Biomedical Engineering"
413,Cutoff + Branch,Which Aeronautical Engineering colleges for 180 cutoff?,"cutoff=180, branch=Aeronautical Engineering"
414,Cutoff + Branch,I have 172 cutoff. Automobile Engineering colleges?,"cutoff=172, branch=Automobile Engineering"
415,Cutoff + Branch,AI & ML colleges possible for 178 cutoff?,"cutoff=178, branch=AI & ML"
416,Cutoff + Branch,I have 168 cutoff. Which Mechatronics colleges?,"cutoff=168, branch=Mechatronics"
417,Cutoff + Branch,Food Technology colleges for 160 cutoff?,"cutoff=160, branch=Food Technology"
418,Cutoff + Branch,Robotics and Automation colleges for 175 cutoff?,"cutoff=175, branch=Robotics and Automation"
419,Cutoff + Branch,I have 190 cutoff. Which CSE colleges can I get?,"cutoff=190, branch=CSE"
420,Cutoff + Branch,ECE colleges for 162 cutoff?,"cutoff=162, branch=ECE"
421,Cutoff + Branch,With 183 cutoff which IT colleges?,"cutoff=183, branch=Information Technology"
422,Cutoff + Branch,I have 173 cutoff. Mechanical Engineering possible?,"cutoff=173, branch=Mechanical Engineering"
423,Cutoff + Branch,EEE colleges for 167 cutoff?,"cutoff=167, branch=EEE"
424,Cutoff + Branch,I have 188 cutoff. Which AI&DS colleges can I get?,"cutoff=188, branch=AI & Data Science"
425,Cutoff + Branch,CSE colleges for 158 cutoff?,"cutoff=158, branch=CSE"
426,Cutoff + Branch,I have 177 cutoff. Give Chemical Engineering options.,"cutoff=177, branch=Chemical Engineering"
427,Cutoff + Branch,Petrochemical colleges for 165 cutoff?,"cutoff=165, branch=Petrochemical Engineering"
428,Cutoff + Branch,I have 193 cutoff. Which top CSE colleges?,"cutoff=193, branch=CSE"
429,Cutoff + Branch,Civil Engineering colleges for 152 cutoff?,"cutoff=152, branch=Civil Engineering"
430,Cutoff + Branch,I have 182 cutoff. ECE colleges possible?,"cutoff=182, branch=ECE"
431,Cutoff + Branch,CSE colleges with 156 cutoff?,"cutoff=156, branch=CSE"
432,Cutoff + Branch,I have 171 cutoff. Show Mechanical Engineering colleges.,"cutoff=171, branch=Mechanical Engineering"
433,Cutoff + Branch,Biomedical Engineering colleges for 169 cutoff?,"cutoff=169, branch=Biomedical Engineering"
434,Cutoff + Branch,I have 186 cutoff. AI&ML colleges?,"cutoff=186, branch=AI & ML"
435,Cutoff + Branch,Aeronautical colleges for 185 cutoff?,"cutoff=185, branch=Aeronautical Engineering"
436,Cutoff + Branch,I have 163 cutoff. Mechatronics colleges possible?,"cutoff=163, branch=Mechatronics"
437,Cutoff + Branch,IT colleges for 195 cutoff?,"cutoff=195, branch=Information Technology"
438,Cutoff + Branch,I have 157 cutoff. EEE possible?,"cutoff=157, branch=EEE"
439,Cutoff + Branch,CSE 192 cutoff which colleges?,"cutoff=192, branch=CSE"
440,Cutoff + Branch,I have 174 cutoff. Biotechnology colleges?,"cutoff=174, branch=Biotechnology"
441,Cutoff + Branch,Which CSE colleges for 164 cutoff?,"cutoff=164, branch=CSE"
442,Cutoff + Branch,I have 187 cutoff. Chemical Engineering colleges?,"cutoff=187, branch=Chemical Engineering"
443,Cutoff + Branch,ECE colleges for 179 cutoff?,"cutoff=179, branch=ECE"
444,Cutoff + Branch,I have 161 cutoff. IT colleges possible?,"cutoff=161, branch=Information Technology"
445,Cutoff + Branch,Mechanical Engineering for 184 cutoff?,"cutoff=184, branch=Mechanical Engineering"
446,Cutoff + Branch,I have 166 cutoff. AI&DS colleges?,"cutoff=166, branch=AI & Data Science"
447,Cutoff + Branch,CSE colleges for 176 cutoff?,"cutoff=176, branch=CSE"
448,Cutoff + Branch,I have 153 cutoff. Civil Engineering colleges?,"cutoff=153, branch=Civil Engineering"
449,Cutoff + Branch,Automobile Engineering for 181 cutoff?,"cutoff=181, branch=Automobile Engineering"
450,Cutoff + Branch,I have 196 cutoff. Which ECE colleges?,"cutoff=196, branch=ECE"
451,Cutoff + Branch,CSE for 148 cutoff possible?,"cutoff=148, branch=CSE"
452,Cutoff + Branch,I have 189 cutoff. Mechanical colleges?,"cutoff=189, branch=Mechanical Engineering"
453,Cutoff + Branch,EEE for 176 cutoff?,"cutoff=176, branch=EEE"
454,Cutoff + Branch,I have 159 cutoff. Which AI&DS colleges?,"cutoff=159, branch=AI & Data Science"
455,Cutoff + Branch,Robotics colleges for 178 cutoff?,"cutoff=178, branch=Robotics and Automation"
456,Cutoff + Branch,I have 194 cutoff. CSE or IT which is better?,"cutoff=194, branch=CSE, branch=Information Technology"
457,Cutoff + Branch,Biotechnology for 170 cutoff possible?,"cutoff=170, branch=Biotechnology"
458,Cutoff + Branch,I have 162 cutoff. Which Mechanical Engineering colleges?,"cutoff=162, branch=Mechanical Engineering"
459,Cutoff + Branch,Food Technology for 155 cutoff?,"cutoff=155, branch=Food Technology"
460,Cutoff + Branch,I have 183 cutoff. ECE good colleges?,"cutoff=183, branch=ECE"
461,Cutoff + Branch,CSE colleges for 145 cutoff?,"cutoff=145, branch=CSE"
462,Cutoff + Branch,I have 191 cutoff. Which top ECE colleges?,"cutoff=191, branch=ECE"
463,Cutoff + Branch,Mechatronics for 175 cutoff?,"cutoff=175, branch=Mechatronics"
464,Cutoff + Branch,I have 154 cutoff. IT or CSE which to apply?,"cutoff=154, branch=CSE, branch=Information Technology"
465,Cutoff + Branch,Industrial Engineering for 160 cutoff?,"cutoff=160, branch=Industrial Engineering"
466,Cutoff + Branch,I have 197 cutoff. Top CSE college options?,"cutoff=197, branch=CSE"
467,Cutoff + Branch,EEE colleges for 150 cutoff?,"cutoff=150, branch=EEE"
468,Cutoff + Branch,I have 185 cutoff. Civil Engineering or Mechanical which to choose?,"cutoff=185, branch=Civil Engineering, branch=Mechanical Engineering"
469,Cutoff + Branch,Chemical Engineering for 168 cutoff?,"cutoff=168, branch=Chemical Engineering"
470,Cutoff + Branch,I have 179 cutoff. AI&ML colleges?,"cutoff=179, branch=AI & ML"
471,Cutoff + Branch,CSE for 143 cutoff possible?,"cutoff=143, branch=CSE"
472,Cutoff + Branch,I have 192 cutoff. Biomedical Engineering?,"cutoff=192, branch=Biomedical Engineering"
473,Cutoff + Branch,Aeronautical Engineering for 188 cutoff?,"cutoff=188, branch=Aeronautical Engineering"
474,Cutoff + Branch,I have 163 cutoff. EEE or ECE which is better to choose?,"cutoff=163, branch=ECE, branch=EEE"
475,Cutoff + Branch,IT colleges for 171 cutoff?,"cutoff=171, branch=Information Technology"
476,Cutoff + Branch,I have 198 cutoff. Best CSE colleges?,"cutoff=198, branch=CSE"
477,Cutoff + Branch,Petroleum Engineering for 172 cutoff?,"cutoff=172, branch=Petrochemical Engineering"
478,Cutoff + Branch,I have 149 cutoff. Mechanical Engineering possible?,"cutoff=149, branch=Mechanical Engineering"
479,Cutoff + Branch,AI&DS colleges for 182 cutoff?,"cutoff=182, branch=AI & Data Science"
480,Cutoff + Branch,I have 173 cutoff. ECE or CSE which to prefer?,"cutoff=173, branch=ECE, branch=CSE"
481,Cutoff + Branch,Biotechnology for 164 cutoff?,"cutoff=164, branch=Biotechnology"
482,Cutoff + Branch,I have 186 cutoff. CSE colleges good placements?,"cutoff=186, branch=CSE"
483,Cutoff + Branch,EEE for 180 cutoff which colleges?,"cutoff=180, branch=EEE"
484,Cutoff + Branch,I have 169 cutoff. Civil colleges?,"cutoff=169, branch=Civil Engineering"
485,Cutoff + Branch,IT for 192 cutoff which top colleges?,"cutoff=192, branch=Information Technology"
486,Cutoff + Branch,I have 178 cutoff. Food Technology possible?,"cutoff=178, branch=Food Technology"
487,Cutoff + Branch,Mechatronics for 183 cutoff?,"cutoff=183, branch=Mechatronics"
488,Cutoff + Branch,I have 151 cutoff. Any good branch options?,"cutoff=151, branch=general"
489,Cutoff + Branch,CSE for 200 cutoff best colleges?,"cutoff=200, branch=CSE"
490,Cutoff + Branch,I have 167 cutoff. Automobile Engineering colleges?,"cutoff=167, branch=Automobile Engineering"
491,Cutoff + Branch,Robotics for 165 cutoff which college?,"cutoff=165, branch=Robotics and Automation"
492,Cutoff + Branch,I have 176 cutoff. AI&DS or CSE which better?,"cutoff=176, branch=AI & Data Science, branch=CSE"
493,Cutoff + Branch,Petrochemical Engineering for 160 cutoff?,"cutoff=160, branch=Petrochemical Engineering"
494,Cutoff + Branch,I have 194 cutoff. Mechanical or Civil which?,"cutoff=194, branch=Mechanical Engineering, branch=Civil Engineering"
495,Cutoff + Branch,CSE for 147 cutoff any college?,"cutoff=147, branch=CSE"
496,Cutoff + Branch,I have 184 cutoff. IT colleges near Chennai?,"cutoff=184, branch=Information Technology"
497,Cutoff + Branch,EEE for 155 cutoff which college?,"cutoff=155, branch=EEE"
498,Cutoff + Branch,I have 177 cutoff. Mechatronics or Mechanical?,"cutoff=177, branch=Mechatronics, branch=Mechanical Engineering"
499,Cutoff + Branch,Biomedical for 172 cutoff which colleges?,"cutoff=172, branch=Biomedical Engineering"
500,Cutoff + Branch,I have 195 cutoff. AI or CSE which is better?,"cutoff=195, branch=AI & Data Science, branch=CSE"
501,Cutoff + Branch + District,With 175 cutoff which CSE colleges can I get in Coimbatore?,"cutoff=175, branch=CSE, district=Coimbatore"
502,Cutoff + Branch + District,I have 170 cutoff. Show ECE colleges in Chennai.,"cutoff=170, branch=ECE, district=Chennai"
503,Cutoff + Branch + District,Which Chemical Engineering colleges in Villupuram can I get with 165 cutoff?,"cutoff=165, branch=Chemical Engineering, district=Villupuram"
504,Cutoff + Branch + District,With 180 cutoff which Mechanical colleges in Salem are possible?,"cutoff=180, branch=Mechanical Engineering, district=Salem"
505,Cutoff + Branch + District,CSE colleges in Madurai for 178 cutoff?,"cutoff=178, branch=CSE, district=Madurai"
506,Cutoff + Branch + District,I have 173 cutoff. Show ECE colleges in Coimbatore.,"cutoff=173, branch=ECE, district=Coimbatore"
507,Cutoff + Branch + District,Mechanical colleges in Tiruchirappalli for 168 cutoff?,"cutoff=168, branch=Mechanical Engineering, district=Tiruchirappalli"
508,Cutoff + Branch + District,I have 182 cutoff. CSE colleges in Chennai?,"cutoff=182, branch=CSE, district=Chennai"
509,Cutoff + Branch + District,EEE colleges in Tirunelveli for 160 cutoff?,"cutoff=160, branch=EEE, district=Tirunelveli"
510,Cutoff + Branch + District,I have 185 cutoff. IT colleges in Coimbatore?,"cutoff=185, branch=Information Technology, district=Coimbatore"
511,Cutoff + Branch + District,Civil Engineering colleges in Vellore for 155 cutoff?,"cutoff=155, branch=Civil Engineering, district=Vellore"
512,Cutoff + Branch + District,I have 190 cutoff. ECE colleges in Coimbatore?,"cutoff=190, branch=ECE, district=Coimbatore"
513,Cutoff + Branch + District,Petroleum Engineering in Villupuram for 170 cutoff?,"cutoff=170, branch=Petrochemical Engineering, district=Villupuram"
514,Cutoff + Branch + District,I have 163 cutoff. Mechanical colleges in Erode?,"cutoff=163, branch=Mechanical Engineering, district=Erode"
515,Cutoff + Branch + District,CSE colleges in Salem for 176 cutoff?,"cutoff=176, branch=CSE, district=Salem"
516,Cutoff + Branch + District,I have 167 cutoff. IT colleges in Madurai?,"cutoff=167, branch=Information Technology, district=Madurai"
517,Cutoff + Branch + District,AI&DS colleges in Chennai for 180 cutoff?,"cutoff=180, branch=AI & Data Science, district=Chennai"
518,Cutoff + Branch + District,I have 158 cutoff. EEE colleges in Salem?,"cutoff=158, branch=EEE, district=Salem"
519,Cutoff + Branch + District,ECE colleges in Tiruchirappalli for 174 cutoff?,"cutoff=174, branch=ECE, district=Tiruchirappalli"
520,Cutoff + Branch + District,I have 187 cutoff. CSE in Coimbatore?,"cutoff=187, branch=CSE, district=Coimbatore"
521,Cutoff + Branch + District,Mechanical Engineering in Coimbatore for 165 cutoff?,"cutoff=165, branch=Mechanical Engineering, district=Coimbatore"
522,Cutoff + Branch + District,I have 172 cutoff. Civil Engineering in Chennai?,"cutoff=172, branch=Civil Engineering, district=Chennai"
523,Cutoff + Branch + District,Chemical Engineering in Coimbatore for 178 cutoff?,"cutoff=178, branch=Chemical Engineering, district=Coimbatore"
524,Cutoff + Branch + District,I have 183 cutoff. ECE in Madurai?,"cutoff=183, branch=ECE, district=Madurai"
525,Cutoff + Branch + District,AI&ML colleges in Coimbatore for 185 cutoff?,"cutoff=185, branch=AI & ML, district=Coimbatore"
526,Cutoff + Branch + District,I have 161 cutoff. Mechanical Engineering in Tirunelveli?,"cutoff=161, branch=Mechanical Engineering, district=Tirunelveli"
527,Cutoff + Branch + District,CSE in Kanchipuram for 175 cutoff?,"cutoff=175, branch=CSE, district=Kanchipuram"
528,Cutoff + Branch + District,I have 179 cutoff. Biotechnology in Coimbatore?,"cutoff=179, branch=Biotechnology, district=Coimbatore"
529,Cutoff + Branch + District,Biomedical Engineering in Chennai for 165 cutoff?,"cutoff=165, branch=Biomedical Engineering, district=Chennai"
530,Cutoff + Branch + District,I have 192 cutoff. CSE in Madurai?,"cutoff=192, branch=CSE, district=Madurai"
531,Cutoff + Branch + District,Aeronautical Engineering in Chennai for 185 cutoff?,"cutoff=185, branch=Aeronautical Engineering, district=Chennai"
532,Cutoff + Branch + District,I have 168 cutoff. ECE in Vellore?,"cutoff=168, branch=ECE, district=Vellore"
533,Cutoff + Branch + District,Mechanical Engineering in Salem for 176 cutoff?,"cutoff=176, branch=Mechanical Engineering, district=Salem"
534,Cutoff + Branch + District,I have 155 cutoff. IT in Coimbatore?,"cutoff=155, branch=Information Technology, district=Coimbatore"
535,Cutoff + Branch + District,CSE in Erode for 181 cutoff?,"cutoff=181, branch=CSE, district=Erode"
536,Cutoff + Branch + District,I have 171 cutoff. EEE in Tiruchirappalli?,"cutoff=171, branch=EEE, district=Tiruchirappalli"
537,Cutoff + Branch + District,AI&DS in Madurai for 177 cutoff?,"cutoff=177, branch=AI & Data Science, district=Madurai"
538,Cutoff + Branch + District,I have 164 cutoff. ECE in Namakkal?,"cutoff=164, branch=ECE, district=Namakkal"
539,Cutoff + Branch + District,Chemical Engineering in Villupuram for 162 cutoff?,"cutoff=162, branch=Chemical Engineering, district=Villupuram"
540,Cutoff + Branch + District,I have 188 cutoff. Mechanical in Coimbatore?,"cutoff=188, branch=Mechanical Engineering, district=Coimbatore"
541,Cutoff + Branch + District,CSE in Tirunelveli for 169 cutoff?,"cutoff=169, branch=CSE, district=Tirunelveli"
542,Cutoff + Branch + District,I have 173 cutoff. IT colleges in Kanchipuram?,"cutoff=173, branch=Information Technology, district=Kanchipuram"
543,Cutoff + Branch + District,ECE in Dharmapuri for 159 cutoff?,"cutoff=159, branch=ECE, district=Dharmapuri"
544,Cutoff + Branch + District,I have 184 cutoff. AI&DS in Chennai?,"cutoff=184, branch=AI & Data Science, district=Chennai"
545,Cutoff + Branch + District,Mechanical Engineering in Dindigul for 170 cutoff?,"cutoff=170, branch=Mechanical Engineering, district=Dindigul"
546,Cutoff + Branch + District,I have 154 cutoff. CSE in Vellore?,"cutoff=154, branch=CSE, district=Vellore"
547,Cutoff + Branch + District,EEE in Krishnagiri for 166 cutoff?,"cutoff=166, branch=EEE, district=Krishnagiri"
548,Cutoff + Branch + District,I have 196 cutoff. CSE in Coimbatore or Chennai?,"cutoff=196, branch=CSE, district=Coimbatore"
549,Cutoff + Branch + District,Civil Engineering in Kanchipuram for 175 cutoff?,"cutoff=175, branch=Civil Engineering, district=Kanchipuram"
550,Cutoff + Branch + District,I have 157 cutoff. IT in Madurai?,"cutoff=157, branch=Information Technology, district=Madurai"
551,Cutoff + Branch + District,CSE in Tiruchirappalli for 186 cutoff?,"cutoff=186, branch=CSE, district=Tiruchirappalli"
552,Cutoff + Branch + District,I have 163 cutoff. ECE in Tiruppur?,"cutoff=163, branch=ECE, district=Tiruppur"
553,Cutoff + Branch + District,Mechanical in Namakkal for 174 cutoff?,"cutoff=174, branch=Mechanical Engineering, district=Namakkal"
554,Cutoff + Branch + District,I have 180 cutoff. Biotechnology in Madurai?,"cutoff=180, branch=Biotechnology, district=Madurai"
555,Cutoff + Branch + District,AI&ML in Salem for 183 cutoff?,"cutoff=183, branch=AI & ML, district=Salem"
556,Cutoff + Branch + District,I have 162 cutoff. EEE in Tirunelveli?,"cutoff=162, branch=EEE, district=Tirunelveli"
557,Cutoff + Branch + District,CSE in Chengalpattu for 178 cutoff?,"cutoff=178, branch=CSE, district=Chengalpattu"
558,Cutoff + Branch + District,I have 167 cutoff. Mechanical in Erode?,"cutoff=167, branch=Mechanical Engineering, district=Erode"
559,Cutoff + Branch + District,ECE in Thoothukudi for 172 cutoff?,"cutoff=172, branch=ECE, district=Thoothukudi"
560,Cutoff + Branch + District,I have 189 cutoff. IT in Chennai?,"cutoff=189, branch=Information Technology, district=Chennai"
561,Cutoff + Branch + District,Civil Engineering in Tirunelveli for 158 cutoff?,"cutoff=158, branch=Civil Engineering, district=Tirunelveli"
562,Cutoff + Branch + District,I have 176 cutoff. CSE in Dindigul?,"cutoff=176, branch=CSE, district=Dindigul"
563,Cutoff + Branch + District,Chemical Engineering in Cuddalore for 165 cutoff?,"cutoff=165, branch=Chemical Engineering, district=Cuddalore"
564,Cutoff + Branch + District,I have 171 cutoff. ECE in Erode?,"cutoff=171, branch=ECE, district=Erode"
565,Cutoff + Branch + District,AI&DS in Coimbatore for 190 cutoff?,"cutoff=190, branch=AI & Data Science, district=Coimbatore"
566,Cutoff + Branch + District,I have 156 cutoff. Mechanical in Vellore?,"cutoff=156, branch=Mechanical Engineering, district=Vellore"
567,Cutoff + Branch + District,CSE in Tirupattur for 174 cutoff?,"cutoff=174, branch=CSE, district=Tirupattur"
568,Cutoff + Branch + District,I have 193 cutoff. ECE in Coimbatore?,"cutoff=193, branch=ECE, district=Coimbatore"
569,Cutoff + Branch + District,Mechanical in Madurai for 169 cutoff?,"cutoff=169, branch=Mechanical Engineering, district=Madurai"
570,Cutoff + Branch + District,I have 160 cutoff. IT in Tirunelveli?,"cutoff=160, branch=Information Technology, district=Tirunelveli"
571,Cutoff + Branch + District,CSE in Cuddalore for 177 cutoff?,"cutoff=177, branch=CSE, district=Cuddalore"
572,Cutoff + Branch + District,I have 182 cutoff. Civil Engineering in Coimbatore?,"cutoff=182, branch=Civil Engineering, district=Coimbatore"
573,Cutoff + Branch + District,EEE in Madurai for 170 cutoff?,"cutoff=170, branch=EEE, district=Madurai"
574,Cutoff + Branch + District,I have 175 cutoff. ECE in Tirunelveli?,"cutoff=175, branch=ECE, district=Tirunelveli"
575,Cutoff + Branch + District,AI&DS in Tiruchirappalli for 185 cutoff?,"cutoff=185, branch=AI & Data Science, district=Tiruchirappalli"
576,Cutoff + Branch + District,I have 161 cutoff. Biotechnology in Chennai?,"cutoff=161, branch=Biotechnology, district=Chennai"
577,Cutoff + Branch + District,CSE in Erode for 168 cutoff?,"cutoff=168, branch=CSE, district=Erode"
578,Cutoff + Branch + District,I have 187 cutoff. Mechanical in Tiruchirappalli?,"cutoff=187, branch=Mechanical Engineering, district=Tiruchirappalli"
579,Cutoff + Branch + District,ECE in Kallakurichi for 163 cutoff?,"cutoff=163, branch=ECE, district=Kallakurichi"
580,Cutoff + Branch + District,I have 198 cutoff. CSE in Chennai or Coimbatore?,"cutoff=198, branch=CSE, district=Chennai"
581,Cutoff + Branch + District,Mechatronics in Coimbatore for 175 cutoff?,"cutoff=175, branch=Mechatronics, district=Coimbatore"
582,Cutoff + Branch + District,I have 166 cutoff. ECE in Kanchipuram?,"cutoff=166, branch=ECE, district=Kanchipuram"
583,Cutoff + Branch + District,CSE in Namakkal for 179 cutoff?,"cutoff=179, branch=CSE, district=Namakkal"
584,Cutoff + Branch + District,I have 153 cutoff. IT in Trichy?,"cutoff=153, branch=Information Technology, district=Tiruchirappalli"
585,Cutoff + Branch + District,Mechanical in Karur for 172 cutoff?,"cutoff=172, branch=Mechanical Engineering, district=Karur"
586,Cutoff + Branch + District,I have 191 cutoff. AI&ML in Coimbatore?,"cutoff=191, branch=AI & ML, district=Coimbatore"
587,Cutoff + Branch + District,ECE in Tirupattur for 164 cutoff?,"cutoff=164, branch=ECE, district=Tirupattur"
588,Cutoff + Branch + District,I have 174 cutoff. EEE in Erode?,"cutoff=174, branch=EEE, district=Erode"
589,Cutoff + Branch + District,Biotechnology in Coimbatore for 180 cutoff?,"cutoff=180, branch=Biotechnology, district=Coimbatore"
590,Cutoff + Branch + District,I have 195 cutoff. CSE in Madurai or Coimbatore?,"cutoff=195, branch=CSE, district=Madurai"
591,Cutoff + Branch + District,Civil Engineering in Salem for 167 cutoff?,"cutoff=167, branch=Civil Engineering, district=Salem"
592,Cutoff + Branch + District,I have 158 cutoff. ECE in Salem?,"cutoff=158, branch=ECE, district=Salem"
593,Cutoff + Branch + District,Chemical in Nagapattinam for 162 cutoff?,"cutoff=162, branch=Chemical Engineering, district=Nagapattinam"
594,Cutoff + Branch + District,I have 184 cutoff. IT in Coimbatore?,"cutoff=184, branch=Information Technology, district=Coimbatore"
595,Cutoff + Branch + District,EEE in Namakkal for 175 cutoff?,"cutoff=175, branch=EEE, district=Namakkal"
596,Cutoff + Branch + District,I have 169 cutoff. CSE in Kanchipuram?,"cutoff=169, branch=CSE, district=Kanchipuram"
597,Cutoff + Branch + District,ECE in Dindigul for 177 cutoff?,"cutoff=177, branch=ECE, district=Dindigul"
598,Cutoff + Branch + District,I have 155 cutoff. Mechanical in Thanjavur?,"cutoff=155, branch=Mechanical Engineering, district=Thanjavur"
599,Cutoff + Branch + District,CSE in Tirunelveli for 185 cutoff?,"cutoff=185, branch=CSE, district=Tirunelveli"
600,Cutoff + Branch + District,I have 178 cutoff. Civil in Erode?,"cutoff=178, branch=Civil Engineering, district=Erode"
601,College Ownership,Which government colleges can I get with 180 cutoff?,"cutoff=180, ownership=Government"
602,College Ownership,Show government-aided CSE colleges.,"branch=CSE, ownership=Government Aided"
603,College Ownership,Which self-financing colleges offer ECE?,"branch=ECE, ownership=Self-Financing"
604,College Ownership,Give me private colleges for 170 cutoff.,"cutoff=170, ownership=Private"
605,College Ownership,Government colleges in Coimbatore?,"district=Coimbatore, ownership=Government"
606,College Ownership,Government aided colleges in Chennai?,"district=Chennai, ownership=Government Aided"
607,College Ownership,Self-financing colleges in Salem?,"district=Salem, ownership=Self-Financing"
608,College Ownership,Private colleges in Madurai?,"district=Madurai, ownership=Private"
609,College Ownership,I want only government college. Which are available?,"ownership=Government"
610,College Ownership,Which government-aided colleges offer Mechanical Engineering?,"branch=Mechanical Engineering, ownership=Government Aided"
611,College Ownership,Show self-financing colleges near Chennai.,"district=Chennai, ownership=Self-Financing"
612,College Ownership,Government colleges in Tamil Nadu list?,"ownership=Government"
613,College Ownership,I have 175 cutoff. Are government colleges possible?,"cutoff=175, ownership=Government"
614,College Ownership,Government-aided ECE colleges?,"branch=ECE, ownership=Government Aided"
615,College Ownership,Self financing CSE colleges in Coimbatore?,"branch=CSE, district=Coimbatore, ownership=Self-Financing"
616,College Ownership,Give me government or government-aided colleges for ECE.,"branch=ECE, ownership=Government, ownership=Government Aided"
617,College Ownership,Private engineering colleges in Tiruchirappalli?,"district=Tiruchirappalli, ownership=Private"
618,College Ownership,I want a government-aided college. Show options.,"ownership=Government Aided"
619,College Ownership,Self-financing colleges in Tamil Nadu with CSE?,"branch=CSE, ownership=Self-Financing"
620,College Ownership,Government colleges for 185 cutoff?,"cutoff=185, ownership=Government"
621,College Ownership,Government-aided colleges in Coimbatore?,"district=Coimbatore, ownership=Government Aided"
622,College Ownership,Private CSE colleges in Chennai?,"branch=CSE, district=Chennai, ownership=Private"
623,College Ownership,Self-financing EEE colleges?,"branch=EEE, ownership=Self-Financing"
624,College Ownership,I have 165 cutoff. Any government college possible?,"cutoff=165, ownership=Government"
625,College Ownership,Which government colleges have CSE?,"branch=CSE, ownership=Government"
626,College Ownership,Government aided colleges in Salem?,"district=Salem, ownership=Government Aided"
627,College Ownership,I want self-financing college in Madurai. Show options.,"district=Madurai, ownership=Self-Financing"
628,College Ownership,Government engineering colleges in Tamil Nadu?,"ownership=Government"
629,College Ownership,Any government colleges in Villupuram?,"district=Villupuram, ownership=Government"
630,College Ownership,Private Mechanical Engineering colleges?,"branch=Mechanical Engineering, ownership=Private"
631,College Ownership,Government aided colleges in Madurai?,"district=Madurai, ownership=Government Aided"
632,College Ownership,I prefer government or government-aided. Show colleges.,"ownership=Government, ownership=Government Aided"
633,College Ownership,Self-financing IT colleges in Coimbatore?,"branch=Information Technology, district=Coimbatore, ownership=Self-Financing"
634,College Ownership,Government colleges in Chennai and nearby?,"district=Chennai, ownership=Government"
635,College Ownership,Which private colleges have good placements?,"ownership=Private, placement=good"
636,College Ownership,Government colleges in Namakkal?,"district=Namakkal, ownership=Government"
637,College Ownership,Show self-financing colleges with low fees.,"ownership=Self-Financing, fees=low"
638,College Ownership,Government-aided colleges offering AI&DS?,"branch=AI & Data Science, ownership=Government Aided"
639,College Ownership,Private colleges in Erode?,"district=Erode, ownership=Private"
640,College Ownership,Government colleges for 160 cutoff?,"cutoff=160, ownership=Government"
641,College Ownership,I have 190 cutoff. Best government college?,"cutoff=190, ownership=Government"
642,College Ownership,Government-aided colleges in Coimbatore for CSE?,"branch=CSE, district=Coimbatore, ownership=Government Aided"
643,College Ownership,Self-financing colleges in Chennai for ECE?,"branch=ECE, district=Chennai, ownership=Self-Financing"
644,College Ownership,I want private college near Coimbatore.,"district=Coimbatore, ownership=Private"
645,College Ownership,Government or government-aided colleges in Salem?,"district=Salem, ownership=Government, ownership=Government Aided"
646,College Ownership,Private IT colleges in Tamil Nadu?,"branch=Information Technology, ownership=Private"
647,College Ownership,Government aided Mechanical Engineering colleges in Coimbatore?,"branch=Mechanical Engineering, district=Coimbatore, ownership=Government Aided"
648,College Ownership,Self-financing colleges for 155 cutoff?,"cutoff=155, ownership=Self-Financing"
649,College Ownership,I have 195 cutoff. Government college in Coimbatore?,"cutoff=195, district=Coimbatore, ownership=Government"
650,College Ownership,Show all types of colleges in Madurai.,"district=Madurai, ownership=general"
651,College Ownership,Government college in Tiruchirappalli for CSE?,"branch=CSE, district=Tiruchirappalli, ownership=Government"
652,College Ownership,Self-financing ECE colleges in Coimbatore?,"branch=ECE, district=Coimbatore, ownership=Self-Financing"
653,College Ownership,Government aided EEE colleges?,"branch=EEE, ownership=Government Aided"
654,College Ownership,Private CSE colleges in Coimbatore?,"branch=CSE, district=Coimbatore, ownership=Private"
655,College Ownership,I prefer only government colleges. Are any available in Salem?,"district=Salem, ownership=Government"
656,College Ownership,Which private colleges are best in Tamil Nadu?,"ownership=Private"
657,College Ownership,Government aided colleges in Erode?,"district=Erode, ownership=Government Aided"
658,College Ownership,I want government aided college. Show districts with options.,"ownership=Government Aided"
659,College Ownership,Self-financing colleges in Tirunelveli?,"district=Tirunelveli, ownership=Self-Financing"
660,College Ownership,Government colleges in Kanchipuram or Chengalpattu?,"district=Kanchipuram, district=Chengalpattu, ownership=Government"
661,Autonomous Status,Which autonomous CSE colleges can I get with 180 cutoff?,"cutoff=180, branch=CSE, autonomous=yes"
662,Autonomous Status,Show non-autonomous colleges in Coimbatore.,"district=Coimbatore, autonomous=no"
663,Autonomous Status,Which autonomous colleges offer ECE?,"branch=ECE, autonomous=yes"
664,Autonomous Status,Give me autonomous colleges with good placements.,"autonomous=yes, placement=good"
665,Autonomous Status,Autonomous colleges in Chennai?,"district=Chennai, autonomous=yes"
666,Autonomous Status,Non-autonomous CSE colleges in Madurai?,"branch=CSE, district=Madurai, autonomous=no"
667,Autonomous Status,Which autonomous colleges are in Coimbatore?,"district=Coimbatore, autonomous=yes"
668,Autonomous Status,Autonomous ECE colleges in Tamil Nadu?,"branch=ECE, autonomous=yes"
669,Autonomous Status,Which autonomous colleges have Mechanical Engineering?,"branch=Mechanical Engineering, autonomous=yes"
670,Autonomous Status,Show autonomous colleges in Salem.,"district=Salem, autonomous=yes"
671,Autonomous Status,I want autonomous college. Which are available?,"autonomous=yes"
672,Autonomous Status,Autonomous IT colleges in Chennai?,"branch=Information Technology, district=Chennai, autonomous=yes"
673,Autonomous Status,Which non-autonomous colleges have good placements?,"autonomous=no, placement=good"
674,Autonomous Status,Autonomous colleges for 185 cutoff?,"cutoff=185, autonomous=yes"
675,Autonomous Status,Show autonomous government colleges.,"autonomous=yes, ownership=Government"
676,Autonomous Status,Autonomous colleges in Tiruchirappalli?,"district=Tiruchirappalli, autonomous=yes"
677,Autonomous Status,Which autonomous colleges have AI&DS?,"branch=AI & Data Science, autonomous=yes"
678,Autonomous Status,Give autonomous EEE colleges.,"branch=EEE, autonomous=yes"
679,Autonomous Status,Non-autonomous colleges in Salem?,"district=Salem, autonomous=no"
680,Autonomous Status,Which autonomous colleges offer Biotechnology?,"branch=Biotechnology, autonomous=yes"
681,Autonomous Status,I want an autonomous college near Chennai.,"district=Chennai, autonomous=yes"
682,Autonomous Status,Autonomous government aided colleges?,"autonomous=yes, ownership=Government Aided"
683,Autonomous Status,Non-autonomous colleges in Coimbatore for CSE?,"branch=CSE, district=Coimbatore, autonomous=no"
684,Autonomous Status,Which autonomous colleges are affordable?,"autonomous=yes, fees=low"
685,Autonomous Status,Autonomous colleges for 175 cutoff?,"cutoff=175, autonomous=yes"
686,Autonomous Status,Show autonomous colleges in Madurai.,"district=Madurai, autonomous=yes"
687,Autonomous Status,Autonomous CSE colleges in Coimbatore?,"branch=CSE, district=Coimbatore, autonomous=yes"
688,Autonomous Status,Which non-autonomous colleges have low fees?,"autonomous=no, fees=low"
689,Autonomous Status,Autonomous colleges in Tamil Nadu list?,"autonomous=yes"
690,Autonomous Status,Give me autonomous colleges in Vellore.,"district=Vellore, autonomous=yes"
691,Autonomous Status,Autonomous Mechanical Engineering colleges?,"branch=Mechanical Engineering, autonomous=yes"
692,Autonomous Status,Autonomous colleges for 190 cutoff in Chennai?,"cutoff=190, district=Chennai, autonomous=yes"
693,Autonomous Status,Which non-autonomous colleges are good?,"autonomous=no"
694,Autonomous Status,Autonomous IT colleges in Coimbatore?,"branch=Information Technology, district=Coimbatore, autonomous=yes"
695,Autonomous Status,Show autonomous colleges in Erode.,"district=Erode, autonomous=yes"
696,Autonomous Status,Autonomous ECE colleges in Coimbatore?,"branch=ECE, district=Coimbatore, autonomous=yes"
697,Autonomous Status,Non-autonomous government colleges?,"autonomous=no, ownership=Government"
698,Autonomous Status,Autonomous private colleges in Chennai?,"autonomous=yes, district=Chennai, ownership=Private"
699,Autonomous Status,Autonomous colleges with CSE and good placement?,"branch=CSE, autonomous=yes, placement=good"
700,Autonomous Status,Which autonomous colleges in Coimbatore have low fees?,"district=Coimbatore, autonomous=yes, fees=low"
701,Community / Category,I am BC with 180 cutoff. Which colleges can I get?,"community=BC, cutoff=180"
702,Community / Category,For MBC category and 175 cutoff show CSE colleges.,"community=MBC, cutoff=175, branch=CSE"
703,Community / Category,Which colleges can an SC student get with 160 cutoff?,"community=SC, cutoff=160"
704,Community / Category,I am OC. Show me colleges for 185 cutoff.,"community=OC, cutoff=185"
705,Community / Category,BCM category 170 cutoff which colleges?,"community=BCM, cutoff=170"
706,Community / Category,I belong to ST. Which colleges are possible with 155 cutoff?,"community=ST, cutoff=155"
707,Community / Category,SCA category with 165 cutoff. Which colleges?,"community=SCA, cutoff=165"
708,Community / Category,DNC category colleges for 158 cutoff?,"community=DNC, cutoff=158"
709,Community / Category,I am MBC. What CSE colleges can I get with 172 cutoff?,"community=MBC, cutoff=172, branch=CSE"
710,Community / Category,BC category ECE colleges for 168 cutoff?,"community=BC, cutoff=168, branch=ECE"
711,Community / Category,SC category colleges in Coimbatore?,"community=SC, district=Coimbatore"
712,Community / Category,I am OC with 190 cutoff. Best CSE colleges?,"community=OC, cutoff=190, branch=CSE"
713,Community / Category,MBC with 178 cutoff which Mechanical colleges?,"community=MBC, cutoff=178, branch=Mechanical Engineering"
714,Community / Category,Which government colleges can BC students get with 175?,"community=BC, cutoff=175, ownership=Government"
715,Community / Category,I am SC student. Government college possible with 160 cutoff?,"community=SC, cutoff=160, ownership=Government"
716,Community / Category,BCM category with 180 cutoff. CSE options?,"community=BCM, cutoff=180, branch=CSE"
717,Community / Category,ST category colleges in Tamil Nadu with 150 cutoff?,"community=ST, cutoff=150"
718,Community / Category,I am DNC with 162 cutoff. Which colleges?,"community=DNC, cutoff=162"
719,Community / Category,SCA category ECE colleges?,"community=SCA, branch=ECE"
720,Community / Category,OC with 195 cutoff best colleges list?,"community=OC, cutoff=195"
721,Community / Category,I am BC with 165 cutoff. Any government aided colleges?,"community=BC, cutoff=165, ownership=Government Aided"
722,Community / Category,MBC category 183 cutoff CSE colleges in Coimbatore?,"community=MBC, cutoff=183, branch=CSE, district=Coimbatore"
723,Community / Category,SC student with 168 cutoff. Any good colleges?,"community=SC, cutoff=168"
724,Community / Category,BC community ECE colleges in Chennai?,"community=BC, branch=ECE, district=Chennai"
725,Community / Category,I am OC. Show me top engineering colleges for 188 cutoff.,"community=OC, cutoff=188"
726,Community / Category,MBC 175 cutoff government college possible?,"community=MBC, cutoff=175, ownership=Government"
727,Community / Category,BCM category colleges in Madurai?,"community=BCM, district=Madurai"
728,Community / Category,ST category 152 cutoff any college?,"community=ST, cutoff=152"
729,Community / Category,I am SC with 173 cutoff. Which colleges are possible?,"community=SC, cutoff=173"
730,Community / Category,BC student 180 cutoff autonomous CSE college?,"community=BC, cutoff=180, branch=CSE, autonomous=yes"
731,Community / Category,OC category with 192 cutoff. Government colleges?,"community=OC, cutoff=192, ownership=Government"
732,Community / Category,SCA with 160 cutoff any college near Madurai?,"community=SCA, cutoff=160, district=Madurai"
733,Community / Category,I am MBC student 169 cutoff. Mechanical colleges?,"community=MBC, cutoff=169, branch=Mechanical Engineering"
734,Community / Category,DNC category 164 cutoff which colleges in Coimbatore?,"community=DNC, cutoff=164, district=Coimbatore"
735,Community / Category,BC with 185 cutoff. Show government or government-aided colleges.,"community=BC, cutoff=185, ownership=Government, ownership=Government Aided"
736,Community / Category,OC student 200 cutoff best CSE college?,"community=OC, cutoff=200, branch=CSE"
737,Community / Category,ST category 148 cutoff any college at all?,"community=ST, cutoff=148"
738,Community / Category,I am MBC with 177 cutoff. IT or CSE which is better?,"community=MBC, cutoff=177, branch=CSE, branch=Information Technology"
739,Community / Category,BC category 162 cutoff Mechanical Engineering colleges?,"community=BC, cutoff=162, branch=Mechanical Engineering"
740,Community / Category,SC student 186 cutoff. Autonomous CSE college?,"community=SC, cutoff=186, branch=CSE, autonomous=yes"
741,Community / Category,I am BCM 176 cutoff. Civil Engineering colleges?,"community=BCM, cutoff=176, branch=Civil Engineering"
742,Community / Category,OC with 187 cutoff. ECE or CSE which to prefer?,"community=OC, cutoff=187, branch=ECE, branch=CSE"
743,Community / Category,MBC student 170 cutoff government college?,"community=MBC, cutoff=170, ownership=Government"
744,Community / Category,DNC 155 cutoff any college in Tamil Nadu?,"community=DNC, cutoff=155"
745,Community / Category,SCA category 175 cutoff. Show safe and moderate colleges.,"community=SCA, cutoff=175"
746,Community / Category,I am BC. Show colleges in Coimbatore for 178 cutoff.,"community=BC, cutoff=178, district=Coimbatore"
747,Community / Category,SC student 163 cutoff Coimbatore any college?,"community=SC, cutoff=163, district=Coimbatore"
748,Community / Category,OC category colleges for 183 cutoff in Chennai?,"community=OC, cutoff=183, district=Chennai"
749,Community / Category,BCM 172 cutoff ECE colleges?,"community=BCM, cutoff=172, branch=ECE"
750,Community / Category,I am MBC 189 cutoff. AI&DS colleges in Coimbatore?,"community=MBC, cutoff=189, branch=AI & Data Science, district=Coimbatore"
751,Fees,Which CSE colleges have low fees?,"branch=CSE, fees=low"
752,Fees,Show colleges with fees below 1 lakh.,"fees=below 1 lakh"
753,Fees,Which government colleges are affordable?,"ownership=Government, fees=low"
754,Fees,Give me low-fee ECE colleges in Chennai.,"branch=ECE, district=Chennai, fees=low"
755,Fees,Colleges with fees less than 50000?,"fees=below 50000"
756,Fees,Show me affordable engineering colleges.,"fees=low"
757,Fees,Cheap colleges in Coimbatore?,"district=Coimbatore, fees=low"
758,Fees,Which college has lowest fees for CSE?,"branch=CSE, fees=lowest"
759,Fees,CSE colleges under 1 lakh fees?,"branch=CSE, fees=below 1 lakh"
760,Fees,Show colleges with fees below 2 lakhs.,"fees=below 2 lakhs"
761,Fees,Which colleges have affordable fees for Mechanical Engineering?,"branch=Mechanical Engineering, fees=low"
762,Fees,Low fee IT colleges in Tamil Nadu?,"branch=Information Technology, fees=low"
763,Fees,Which government-aided colleges have low fees?,"ownership=Government Aided, fees=low"
764,Fees,Colleges with fees below 75000?,"fees=below 75000"
765,Fees,Affordable CSE colleges in Madurai?,"branch=CSE, district=Madurai, fees=low"
766,Fees,Which colleges have free seats or scholarships?,"fees=scholarship"
767,Fees,ECE colleges with low tuition fees?,"branch=ECE, fees=low"
768,Fees,Show me self-financing colleges with affordable fees.,"ownership=Self-Financing, fees=low"
769,Fees,I have limited budget. Which CSE colleges are cheap?,"branch=CSE, fees=low"
770,Fees,Mechanical Engineering colleges under 1 lakh?,"branch=Mechanical Engineering, fees=below 1 lakh"
771,Fees,Government college fees in Tamil Nadu?,"ownership=Government, fees=general"
772,Fees,Cheapest college for ECE in Tamil Nadu?,"branch=ECE, fees=lowest"
773,Fees,CSE colleges with fees below 1.5 lakhs?,"branch=CSE, fees=below 1.5 lakhs"
774,Fees,Which autonomous colleges have low fees?,"autonomous=yes, fees=low"
775,Fees,Affordable colleges in Coimbatore for ECE?,"branch=ECE, district=Coimbatore, fees=low"
776,Fees,Low fee government colleges in Tamil Nadu?,"ownership=Government, fees=low"
777,Fees,Which colleges offer CSE under 80000 fees?,"branch=CSE, fees=below 80000"
778,Fees,Show colleges with reasonable fees near Chennai.,"district=Chennai, fees=low"
779,Fees,IT colleges with low fees in Coimbatore?,"branch=Information Technology, district=Coimbatore, fees=low"
780,Fees,Colleges with fees below 1 lakh in Madurai?,"district=Madurai, fees=below 1 lakh"
781,Fees,Which colleges have free engineering education?,"fees=free"
782,Fees,Low fee CSE colleges near Chennai?,"branch=CSE, district=Chennai, fees=low"
783,Fees,Affordable Mechanical Engineering colleges in Coimbatore?,"branch=Mechanical Engineering, district=Coimbatore, fees=low"
784,Fees,ECE college with less than 1 lakh fee per year?,"branch=ECE, fees=below 1 lakh"
785,Fees,Show me colleges with low total fees.,"fees=low"
786,Fees,CSE colleges with affordable fees and good placement?,"branch=CSE, fees=low, placement=good"
787,Fees,Government aided colleges fees are how much?,"ownership=Government Aided, fees=general"
788,Fees,Colleges with minimum fees for IT?,"branch=Information Technology, fees=lowest"
789,Fees,Which colleges are budget friendly for Mechanical?,"branch=Mechanical Engineering, fees=low"
790,Fees,Affordable college options for 170 cutoff?,"cutoff=170, fees=low"
791,Fees,Show colleges where fees are low and placement is good.,"fees=low, placement=good"
792,Fees,CSE colleges with total fees under 3 lakhs?,"branch=CSE, fees=below 3 lakhs"
793,Fees,Cheap engineering college near Vellore?,"district=Vellore, fees=low"
794,Fees,Low fee colleges for SC students?,"community=SC, fees=low"
795,Fees,Which private colleges have lowest fees in Tamil Nadu?,"ownership=Private, fees=lowest"
796,Fees,IT colleges under 1 lakh per year?,"branch=Information Technology, fees=below 1 lakh"
797,Fees,Affordable EEE colleges in Tamil Nadu?,"branch=EEE, fees=low"
798,Fees,Government colleges with almost free education?,"ownership=Government, fees=lowest"
799,Fees,CSE colleges under 2 lakh total fees?,"branch=CSE, fees=below 2 lakhs"
800,Fees,Which colleges have low fees and hostel facility?,"fees=low, hostel=yes"
801,Placement,Which CSE colleges have good placements?,"branch=CSE, placement=good"
802,Placement,Show colleges with high placement packages.,"placement=high package"
803,Placement,Which colleges are best for software jobs?,"placement=software jobs"
804,Placement,Give me ECE colleges with good placements.,"branch=ECE, placement=good"
805,Placement,Best placement colleges in Coimbatore?,"district=Coimbatore, placement=good"
806,Placement,Which colleges have 100% placement?,"placement=100%"
807,Placement,Show colleges with average package above 5 LPA.,"placement=above 5 LPA"
808,Placement,CSE colleges with best campus placements?,"branch=CSE, placement=best"
809,Placement,Which colleges place students in top companies?,"placement=top companies"
810,Placement,Best placement colleges in Chennai?,"district=Chennai, placement=good"
811,Placement,IT colleges with good placement record?,"branch=Information Technology, placement=good"
812,Placement,Show colleges where TCS and Infosys recruit.,"placement=TCS, placement=Infosys"
813,Placement,Which Mechanical Engineering colleges have good placements?,"branch=Mechanical Engineering, placement=good"
814,Placement,EEE colleges with high placement percentage?,"branch=EEE, placement=good"
815,Placement,Colleges with good placement and low fees?,"placement=good, fees=low"
816,Placement,Which autonomous colleges have best placements?,"autonomous=yes, placement=good"
817,Placement,Show me colleges with placement above 80%.,"placement=above 80%"
818,Placement,Which government colleges have good placements?,"ownership=Government, placement=good"
819,Placement,Best placed CSE colleges in Tamil Nadu?,"branch=CSE, placement=best"
820,Placement,Show colleges that place students in core companies.,"placement=core companies"
821,Placement,Which AI&DS colleges have good placements?,"branch=AI & Data Science, placement=good"
822,Placement,Colleges with average salary package above 10 LPA?,"placement=above 10 LPA"
823,Placement,ECE colleges with core electronics placements?,"branch=ECE, placement=core electronics"
824,Placement,Which colleges have best IT job placements?,"placement=IT jobs"
825,Placement,Show placement statistics for Coimbatore colleges.,"district=Coimbatore, placement=general"
826,Placement,Good placement mechanical colleges in Chennai?,"branch=Mechanical Engineering, district=Chennai, placement=good"
827,Placement,Which autonomous CSE colleges have above 90% placement?,"branch=CSE, autonomous=yes, placement=above 90%"
828,Placement,Colleges where Google and Amazon recruit?,"placement=Google, placement=Amazon"
829,Placement,CSE colleges with placement in IT companies?,"branch=CSE, placement=IT companies"
830,Placement,Show private colleges with best placements.,"ownership=Private, placement=best"
831,Placement,Best placement colleges in Madurai?,"district=Madurai, placement=good"
832,Placement,Which colleges have high salary packages for ECE?,"branch=ECE, placement=high package"
833,Placement,Show CSE colleges with more than 5 lakh average package.,"branch=CSE, placement=above 5 LPA"
834,Placement,Government aided colleges with good placements?,"ownership=Government Aided, placement=good"
835,Placement,Which IT colleges place students in product companies?,"branch=Information Technology, placement=product companies"
836,Placement,Best placed colleges in Tamil Nadu?,"placement=best"
837,Placement,Which college in Coimbatore has highest placement package?,"district=Coimbatore, placement=highest package"
838,Placement,Colleges with good placement for Mechanical students?,"branch=Mechanical Engineering, placement=good"
839,Placement,Show colleges with consistent placement track record.,"placement=consistent"
840,Placement,CSE colleges in Chennai with good campus placements?,"branch=CSE, district=Chennai, placement=good"
841,Placement,Which ECE colleges have placed in ISRO or DRDO?,"branch=ECE, placement=ISRO, placement=DRDO"
842,Placement,Best placement EEE colleges in Coimbatore?,"branch=EEE, district=Coimbatore, placement=good"
843,Placement,Which colleges have good startup placement culture?,"placement=startup"
844,Placement,Show colleges where Microsoft and Wipro recruit.,"placement=Microsoft, placement=Wipro"
845,Placement,Good placement colleges for 180 cutoff?,"cutoff=180, placement=good"
846,Placement,Colleges with highest average placement package?,"placement=highest package"
847,Placement,Which government colleges have good campus drives?,"ownership=Government, placement=campus drives"
848,Placement,IT colleges with 100% placement near Chennai?,"branch=Information Technology, district=Chennai, placement=100%"
849,Placement,Mechanical Engineering colleges with core job placements?,"branch=Mechanical Engineering, placement=core jobs"
850,Placement,Which colleges are best for CSE placements in Tamil Nadu?,"branch=CSE, placement=best"
851,Hostel / Transport,Which colleges have hostel facilities?,"hostel=yes"
852,Hostel / Transport,Show colleges with hostel and CSE.,"hostel=yes, branch=CSE"
853,Hostel / Transport,Which colleges near Chennai have good transport?,"district=Chennai, transport=good"
854,Hostel / Transport,I need a college with hostel and affordable fees.,"hostel=yes, fees=low"
855,Hostel / Transport,CSE colleges in Coimbatore with hostel?,"branch=CSE, district=Coimbatore, hostel=yes"
856,Hostel / Transport,Colleges with both hostel and transport facility?,"hostel=yes, transport=yes"
857,Hostel / Transport,Which colleges have girls hostel?,"hostel=girls"
858,Hostel / Transport,Show me colleges with AC hostel facility.,"hostel=AC"
859,Hostel / Transport,ECE colleges with hostel in Chennai?,"branch=ECE, district=Chennai, hostel=yes"
860,Hostel / Transport,Colleges with hostel and good placements?,"hostel=yes, placement=good"
861,Hostel / Transport,I am from a different district. Which colleges have hostel?,"hostel=yes"
862,Hostel / Transport,Show colleges with free bus transport.,"transport=bus"
863,Hostel / Transport,Mechanical Engineering colleges with hostel facility?,"branch=Mechanical Engineering, hostel=yes"
864,Hostel / Transport,Which self-financing colleges have hostel?,"ownership=Self-Financing, hostel=yes"
865,Hostel / Transport,Colleges with hostel in Madurai?,"district=Madurai, hostel=yes"
866,Hostel / Transport,I need both hostel and good transport. Which colleges?,"hostel=yes, transport=yes"
867,Hostel / Transport,Which government colleges provide hostel?,"ownership=Government, hostel=yes"
868,Hostel / Transport,CSE colleges with hostel in Madurai?,"branch=CSE, district=Madurai, hostel=yes"
869,Hostel / Transport,Colleges near Coimbatore with transport facility?,"district=Coimbatore, transport=yes"
870,Hostel / Transport,Which colleges offer hostel at low cost?,"hostel=yes, fees=low"
871,Hostel / Transport,Colleges with hostel in Villupuram?,"district=Villupuram, hostel=yes"
872,Hostel / Transport,I want to study away from home. Hostel facilities?,"hostel=yes"
873,Hostel / Transport,CSE colleges with hostel and good placement?,"branch=CSE, hostel=yes, placement=good"
874,Hostel / Transport,Which colleges have air-conditioned hostel rooms?,"hostel=AC"
875,Hostel / Transport,Colleges with hostel in Salem?,"district=Salem, hostel=yes"
876,Hostel / Transport,Government colleges with hostel facility in Tamil Nadu?,"ownership=Government, hostel=yes"
877,Hostel / Transport,ECE colleges with hostel near Chennai?,"branch=ECE, district=Chennai, hostel=yes"
878,Hostel / Transport,Show colleges with student transport from railway station.,"transport=railway"
879,Hostel / Transport,Colleges with hostel in Trichy?,"district=Tiruchirappalli, hostel=yes"
880,Hostel / Transport,Which CSE colleges have hostel under 3000 per month?,"branch=CSE, hostel=yes, fees=low"
881,Hostel / Transport,Colleges with good bus facility in Coimbatore?,"district=Coimbatore, transport=bus"
882,Hostel / Transport,Mechanical colleges with hostel and good placement in Coimbatore?,"branch=Mechanical Engineering, district=Coimbatore, hostel=yes, placement=good"
883,Hostel / Transport,Colleges with hostel and CSE in Tamil Nadu?,"branch=CSE, hostel=yes"
884,Hostel / Transport,I need hostel with vegetarian food. Which colleges?,"hostel=yes, hostel=vegetarian"
885,Hostel / Transport,EEE colleges with hostel?,"branch=EEE, hostel=yes"
886,Hostel / Transport,Which colleges near Coimbatore offer hostel to outstation students?,"district=Coimbatore, hostel=yes"
887,Hostel / Transport,Show colleges with hostel and IT branch.,"hostel=yes, branch=Information Technology"
888,Hostel / Transport,Colleges with hostel in Villupuram for Chemical Engineering?,"branch=Chemical Engineering, district=Villupuram, hostel=yes"
889,Hostel / Transport,Which colleges have government-run hostel?,"ownership=Government, hostel=yes"
890,Hostel / Transport,CSE colleges with hostel and low fees?,"branch=CSE, hostel=yes, fees=low"
891,College Comparison,Which is better PSG or Coimbatore Institute of Technology?,"comparison=college"
892,College Comparison,Compare Anna University Tiruchirappalli and TRP Engineering College.,"comparison=college"
893,College Comparison,Which college has better placements between PSGCT and GCT Coimbatore?,"comparison=college, placement=comparison"
894,College Comparison,Is SSN better than SRMIST for CSE?,"comparison=college, branch=CSE"
895,College Comparison,Compare CIT and REC Coimbatore for ECE.,"comparison=college, branch=ECE"
896,College Comparison,Which is better for Mechanical Engineering among NIT Trichy and Anna University?,"comparison=college, branch=Mechanical Engineering"
897,College Comparison,Kumaraguru vs PSG for CSE which is better?,"comparison=college, branch=CSE"
898,College Comparison,Compare Kongu Engineering College and Bannari Amman Institute of Technology.,"comparison=college"
899,College Comparison,Which college has better infrastructure SRMIST or Amrita?,"comparison=college"
900,College Comparison,Is SASTRA better than Amrita?,"comparison=college"
901,College Comparison,Compare GCT Coimbatore and Government College of Technology Salem.,"comparison=college"
902,College Comparison,Which has better placement SIET or Karpagam?,"comparison=college, placement=comparison"
903,College Comparison,Compare two colleges one government one private for CSE.,"comparison=college, branch=CSE"
904,College Comparison,Is Adhiyamaan Engineering better than Sona College for ECE?,"comparison=college, branch=ECE"
905,College Comparison,Which college is better PSG Tech or Coimbatore Institute of Technology for placement?,"comparison=college, placement=comparison"
906,College Comparison,Compare Tagore Engineering and SMK Fomra for IT.,"comparison=college, branch=Information Technology"
907,College Comparison,Karpagam vs Sri Ramakrishna for CSE which is better?,"comparison=college, branch=CSE"
908,College Comparison,Which is better VMKV or Mahendra for Mechanical Engineering?,"comparison=college, branch=Mechanical Engineering"
909,College Comparison,Compare SRM Ramapuram vs SRM Kattankulathur for CSE.,"comparison=college, branch=CSE"
910,College Comparison,Is Kumaraguru better than RVS Engineering College?,"comparison=college"
911,College Comparison,Compare Annamalai University and Periyar University engineering colleges.,"comparison=college"
912,College Comparison,Which has better civil engineering government or private college?,"comparison=college, branch=Civil Engineering"
913,College Comparison,Is Bannari Amman or Erode Institute of Technology better?,"comparison=college"
914,College Comparison,Which is better SKCET or KTVR for ECE?,"comparison=college, branch=ECE"
915,College Comparison,Compare autonomous vs non-autonomous for CSE placement.,"comparison=college, autonomous=comparison"
916,College Comparison,Which government college is better for Mechanical in Tamil Nadu?,"comparison=college, branch=Mechanical Engineering, ownership=Government"
917,College Comparison,Is Vellore Institute of Technology better than SRM for CSE?,"comparison=college, branch=CSE"
918,College Comparison,Compare government aided colleges in Coimbatore for ECE.,"comparison=college, branch=ECE, district=Coimbatore, ownership=Government Aided"
919,College Comparison,Which is better KRCE or Excel Engineering for Mechanical?,"comparison=college, branch=Mechanical Engineering"
920,College Comparison,Is Dhanalakshmi College or Jay Shriram Group better?,"comparison=college"
921,College Comparison,Compare PSGR Krishnammal and Rajalakshmi Engineering College.,"comparison=college"
922,College Comparison,Which government college is best in Madurai?,"comparison=college, district=Madurai, ownership=Government"
923,College Comparison,Is Coimbatore Institute of Technology better than KPR Institute?,"comparison=college"
924,College Comparison,Compare Erode Engineering College and Vivekanandha Engineering College.,"comparison=college"
925,College Comparison,Which is better for AI&DS Amrita or SRM?,"comparison=college, branch=AI & Data Science"
926,College Comparison,Compare colleges in Villupuram for Chemical Engineering.,"comparison=college, district=Villupuram, branch=Chemical Engineering"
927,College Comparison,Is PSNA College better than Kalasalingam for CSE?,"comparison=college, branch=CSE"
928,College Comparison,Compare Thanthai Periyar Government Institute of Technology and Government College Dharmapuri.,"comparison=college"
929,College Comparison,Which is better for ECE MKCE or CARE?,"comparison=college, branch=ECE"
930,College Comparison,Compare two top autonomous colleges in Coimbatore.,"comparison=college, district=Coimbatore, autonomous=yes"
931,College Comparison,Which is better SMVEC or Pondy University for IT?,"comparison=college, branch=Information Technology"
932,College Comparison,Compare top government engineering colleges in Tamil Nadu.,"comparison=college, ownership=Government"
933,College Comparison,Is SRM better or VIT for placements?,"comparison=college, placement=comparison"
934,College Comparison,Which college has better research facilities?,"comparison=college"
935,College Comparison,Compare Amrita Coimbatore and PSG for Mechanical Engineering.,"comparison=college, branch=Mechanical Engineering"
936,College Comparison,Which is better for EEE PSGCT or GCT Coimbatore?,"comparison=college, branch=EEE"
937,College Comparison,Compare Nadar's College vs Fatima Michael College.,"comparison=college"
938,College Comparison,Which has better MBA+engineering combo college?,"comparison=college"
939,College Comparison,Is Presidency College better than Saveetha for Biotechnology?,"comparison=college, branch=Biotechnology"
940,College Comparison,Which private college has better NAAC grade in Coimbatore?,"comparison=college, district=Coimbatore, ownership=Private"
941,Branch Comparison,CSE or IT which is better?,"comparison=branch, branch=CSE, branch=Information Technology"
942,Branch Comparison,ECE or EEE which should I choose?,"comparison=branch, branch=ECE, branch=EEE"
943,Branch Comparison,Mechanical or Civil which has better career opportunities?,"comparison=branch, branch=Mechanical Engineering, branch=Civil Engineering"
944,Branch Comparison,AI&DS vs CSE which is better?,"comparison=branch, branch=AI & Data Science, branch=CSE"
945,Branch Comparison,Is IT better than CSE for jobs?,"comparison=branch, branch=Information Technology, branch=CSE"
946,Branch Comparison,Which is better ECE or CSE?,"comparison=branch, branch=ECE, branch=CSE"
947,Branch Comparison,EEE or Mechanical which has more jobs?,"comparison=branch, branch=EEE, branch=Mechanical Engineering"
948,Branch Comparison,Biotechnology vs Biomedical Engineering which to choose?,"comparison=branch, branch=Biotechnology, branch=Biomedical Engineering"
949,Branch Comparison,AI & ML vs AI & DS which is better?,"comparison=branch, branch=AI & ML, branch=AI & Data Science"
950,Branch Comparison,Automobile or Mechanical which is better?,"comparison=branch, branch=Automobile Engineering, branch=Mechanical Engineering"
951,Branch Comparison,Chemical or Petrochemical Engineering which has more scope?,"comparison=branch, branch=Chemical Engineering, branch=Petrochemical Engineering"
952,Branch Comparison,CSE or Mechatronics which is better for future?,"comparison=branch, branch=CSE, branch=Mechatronics"
953,Branch Comparison,Aeronautical or Automobile Engineering which to prefer?,"comparison=branch, branch=Aeronautical Engineering, branch=Automobile Engineering"
954,Branch Comparison,Civil or Structural Engineering which is better?,"comparison=branch, branch=Civil Engineering"
955,Branch Comparison,ECE or IT which is better for salary?,"comparison=branch, branch=ECE, branch=Information Technology"
956,Branch Comparison,EEE vs ECE which has more government jobs?,"comparison=branch, branch=EEE, branch=ECE"
957,Branch Comparison,Food Technology vs Biotechnology which is better?,"comparison=branch, branch=Food Technology, branch=Biotechnology"
958,Branch Comparison,Robotics vs Mechatronics which is more advanced?,"comparison=branch, branch=Robotics and Automation, branch=Mechatronics"
959,Branch Comparison,Is Data Science better than CSE in 2025?,"comparison=branch, branch=AI & Data Science, branch=CSE"
960,Branch Comparison,Industrial Engineering vs Mechanical which is better?,"comparison=branch, branch=Industrial Engineering, branch=Mechanical Engineering"
961,Branch Comparison,CSE or Civil which has more job opportunities?,"comparison=branch, branch=CSE, branch=Civil Engineering"
962,Branch Comparison,AI branch vs traditional CSE - which to choose in TNEA?,"comparison=branch, branch=AI & Data Science, branch=CSE"
963,Branch Comparison,Mechanical vs EEE which is better for core jobs?,"comparison=branch, branch=Mechanical Engineering, branch=EEE"
964,Branch Comparison,Which branch between CSE and IT has more seats in government colleges?,"comparison=branch, branch=CSE, branch=Information Technology, ownership=Government"
965,Branch Comparison,ECE or Mechatronics which is better?,"comparison=branch, branch=ECE, branch=Mechatronics"
966,Branch Comparison,Biomedical or Biotechnology which has better abroad scope?,"comparison=branch, branch=Biomedical Engineering, branch=Biotechnology"
967,Branch Comparison,Is Chemical Engineering better than Mechanical in salary?,"comparison=branch, branch=Chemical Engineering, branch=Mechanical Engineering"
968,Branch Comparison,CSE or AI&ML which should I choose for 2025?,"comparison=branch, branch=CSE, branch=AI & ML"
969,Branch Comparison,Civil Engineering or Architecture which is better to study?,"comparison=branch, branch=Civil Engineering"
970,Branch Comparison,Petrochemical vs Chemical Engineering scope comparison?,"comparison=branch, branch=Petrochemical Engineering, branch=Chemical Engineering"
971,Branch Comparison,Is EEE branch declining or still good?,"comparison=branch, branch=EEE"
972,Branch Comparison,CSE or Automobile Engineering better?,"comparison=branch, branch=CSE, branch=Automobile Engineering"
973,Branch Comparison,ECE or Aeronautical Engineering for government jobs?,"comparison=branch, branch=ECE, branch=Aeronautical Engineering"
974,Branch Comparison,Which branch is best for GATE preparation?,"comparison=branch"
975,Branch Comparison,IT or ECE which branch to prefer?,"comparison=branch, branch=Information Technology, branch=ECE"
976,Branch Comparison,Is Food Technology worth doing in Tamil Nadu?,"comparison=branch, branch=Food Technology"
977,Branch Comparison,Robotics or Mechanical which is better for manufacturing jobs?,"comparison=branch, branch=Robotics and Automation, branch=Mechanical Engineering"
978,Branch Comparison,AI&DS or EEE which is better for future?,"comparison=branch, branch=AI & Data Science, branch=EEE"
979,Branch Comparison,Mechatronics vs Automobile which is better?,"comparison=branch, branch=Mechatronics, branch=Automobile Engineering"
980,Branch Comparison,Industrial Engineering vs Civil Engineering career comparison?,"comparison=branch, branch=Industrial Engineering, branch=Civil Engineering"
981,Safe / Moderate / Ambitious,Give me safe colleges for 180 cutoff.,"cutoff=180, safety=safe"
982,Safe / Moderate / Ambitious,Show moderate and ambitious colleges for my cutoff 175.,"cutoff=175, safety=moderate, safety=ambitious"
983,Safe / Moderate / Ambitious,Give me 10 safe CSE choices with 182 cutoff.,"cutoff=182, branch=CSE, safety=safe"
984,Safe / Moderate / Ambitious,What are my ambitious colleges with 175 cutoff?,"cutoff=175, safety=ambitious"
985,Safe / Moderate / Ambitious,Safe colleges for 165 cutoff?,"cutoff=165, safety=safe"
986,Safe / Moderate / Ambitious,Show safe moderate and ambitious colleges for 185 cutoff.,"cutoff=185, safety=safe, safety=moderate, safety=ambitious"
987,Safe / Moderate / Ambitious,I have 170 cutoff. Give me safe CSE colleges in Coimbatore.,"cutoff=170, branch=CSE, district=Coimbatore, safety=safe"
988,Safe / Moderate / Ambitious,What are ambitious colleges for 190 cutoff?,"cutoff=190, safety=ambitious"
989,Safe / Moderate / Ambitious,Moderate choices for 172 cutoff in CSE?,"cutoff=172, branch=CSE, safety=moderate"
990,Safe / Moderate / Ambitious,Give me safe and moderate colleges for 168 cutoff.,"cutoff=168, safety=safe, safety=moderate"
991,Safe / Moderate / Ambitious,Safe ECE colleges for 176 cutoff in Chennai?,"cutoff=176, branch=ECE, district=Chennai, safety=safe"
992,Safe / Moderate / Ambitious,I have 178 cutoff. Show my ambitious choices for CSE.,"cutoff=178, branch=CSE, safety=ambitious"
993,Safe / Moderate / Ambitious,Moderate colleges for 162 cutoff?,"cutoff=162, safety=moderate"
994,Safe / Moderate / Ambitious,Safe choices in Coimbatore for 180 cutoff?,"cutoff=180, district=Coimbatore, safety=safe"
995,Safe / Moderate / Ambitious,Give ambitious college list for 195 cutoff.,"cutoff=195, safety=ambitious"
996,Safe / Moderate / Ambitious,Safe colleges for 155 cutoff in Tamil Nadu?,"cutoff=155, safety=safe"
997,Safe / Moderate / Ambitious,Moderate ECE colleges for 173 cutoff?,"cutoff=173, branch=ECE, safety=moderate"
998,Safe / Moderate / Ambitious,Safe IT colleges for 177 cutoff in Madurai?,"cutoff=177, branch=Information Technology, district=Madurai, safety=safe"
999,Safe / Moderate / Ambitious,What are safe choices for government colleges with 180 cutoff?,"cutoff=180, ownership=Government, safety=safe"
1000,Safe / Moderate / Ambitious,Give safe moderate ambitious list for 187 cutoff CSE.,"cutoff=187, branch=CSE, safety=safe, safety=moderate, safety=ambitious"
1001,Safe / Moderate / Ambitious,My cutoff is 165. Give me safe college options.,"cutoff=165, safety=safe"
1002,Safe / Moderate / Ambitious,Ambitious colleges for 183 cutoff in Chennai?,"cutoff=183, district=Chennai, safety=ambitious"
1003,Safe / Moderate / Ambitious,Show safe CSE colleges for 170 cutoff near Chennai.,"cutoff=170, branch=CSE, district=Chennai, safety=safe"
1004,Safe / Moderate / Ambitious,Moderate choices for Mechanical Engineering 175 cutoff?,"cutoff=175, branch=Mechanical Engineering, safety=moderate"
1005,Safe / Moderate / Ambitious,Safe colleges for 158 cutoff in Coimbatore?,"cutoff=158, district=Coimbatore, safety=safe"
1006,Safe / Moderate / Ambitious,I have 193 cutoff. What are the most ambitious colleges?,"cutoff=193, safety=ambitious"
1007,Safe / Moderate / Ambitious,Safe and moderate CSE colleges for 180 cutoff in Madurai?,"cutoff=180, branch=CSE, district=Madurai, safety=safe, safety=moderate"
1008,Safe / Moderate / Ambitious,Moderate IT colleges for 169 cutoff?,"cutoff=169, branch=Information Technology, safety=moderate"
1009,Safe / Moderate / Ambitious,Give safe autonomous CSE colleges for 178 cutoff.,"cutoff=178, branch=CSE, autonomous=yes, safety=safe"
1010,Safe / Moderate / Ambitious,Ambitious government colleges for 190 cutoff?,"cutoff=190, ownership=Government, safety=ambitious"
1011,Safe / Moderate / Ambitious,Safe Mechanical colleges for 164 cutoff?,"cutoff=164, branch=Mechanical Engineering, safety=safe"
1012,Safe / Moderate / Ambitious,I have 174 cutoff. Show safe ECE colleges near Coimbatore.,"cutoff=174, branch=ECE, district=Coimbatore, safety=safe"
1013,Safe / Moderate / Ambitious,Moderate and ambitious choices for 181 cutoff CSE?,"cutoff=181, branch=CSE, safety=moderate, safety=ambitious"
1014,Safe / Moderate / Ambitious,Safe colleges for 148 cutoff any branch?,"cutoff=148, safety=safe"
1015,Safe / Moderate / Ambitious,Ambitious CSE colleges for 199 cutoff?,"cutoff=199, branch=CSE, safety=ambitious"
1016,Safe / Moderate / Ambitious,Safe government aided colleges for 172 cutoff?,"cutoff=172, ownership=Government Aided, safety=safe"
1017,Safe / Moderate / Ambitious,Moderate autonomous colleges for 185 cutoff CSE?,"cutoff=185, branch=CSE, autonomous=yes, safety=moderate"
1018,Safe / Moderate / Ambitious,Give me safe and moderate choices for 160 cutoff.,"cutoff=160, safety=safe, safety=moderate"
1019,Safe / Moderate / Ambitious,Ambitious government colleges for 188 cutoff in Coimbatore?,"cutoff=188, district=Coimbatore, ownership=Government, safety=ambitious"
1020,Safe / Moderate / Ambitious,Safe CSE colleges for 176 cutoff in Salem?,"cutoff=176, branch=CSE, district=Salem, safety=safe"
1021,Safe / Moderate / Ambitious,Show ambitious colleges for 196 cutoff.,"cutoff=196, safety=ambitious"
1022,Safe / Moderate / Ambitious,Moderate Mechanical Engineering colleges for 163 cutoff?,"cutoff=163, branch=Mechanical Engineering, safety=moderate"
1023,Safe / Moderate / Ambitious,Safe ECE and CSE colleges for 179 cutoff.,"cutoff=179, branch=ECE, branch=CSE, safety=safe"
1024,Safe / Moderate / Ambitious,I have 171 cutoff. Moderate choices in Coimbatore.,"cutoff=171, district=Coimbatore, safety=moderate"
1025,Safe / Moderate / Ambitious,Safe IT colleges for 153 cutoff?,"cutoff=153, branch=Information Technology, safety=safe"
1026,Safe / Moderate / Ambitious,Ambitious AI&DS colleges for 190 cutoff?,"cutoff=190, branch=AI & Data Science, safety=ambitious"
1027,Safe / Moderate / Ambitious,Safe colleges for MBC student 175 cutoff?,"community=MBC, cutoff=175, safety=safe"
1028,Safe / Moderate / Ambitious,Moderate government colleges for 182 cutoff?,"cutoff=182, ownership=Government, safety=moderate"
1029,Safe / Moderate / Ambitious,Give 5 safe and 5 ambitious choices for 184 cutoff CSE.,"cutoff=184, branch=CSE, safety=safe, safety=ambitious"
1030,Safe / Moderate / Ambitious,Safe colleges for 145 cutoff in Tamil Nadu?,"cutoff=145, safety=safe"
1031,Advanced Multi-Condition,I have 180 cutoff want CSE and prefer autonomous colleges in Coimbatore.,"cutoff=180, branch=CSE, autonomous=yes, district=Coimbatore"
1032,Advanced Multi-Condition,Show government colleges in Chennai for ECE with good placements and low fees.,"district=Chennai, branch=ECE, ownership=Government, placement=good, fees=low"
1033,Advanced Multi-Condition,I have 175 cutoff and belong to BC. Give me autonomous CSE colleges near Chennai.,"cutoff=175, community=BC, branch=CSE, autonomous=yes, district=Chennai"
1034,Advanced Multi-Condition,Which self-financing colleges in Villupuram offer Chemical Engineering with hostel facilities?,"district=Villupuram, branch=Chemical Engineering, ownership=Self-Financing, hostel=yes"
1035,Advanced Multi-Condition,I have 165 cutoff. Show government-aided Mechanical colleges in Salem with good placements.,"cutoff=165, branch=Mechanical Engineering, district=Salem, ownership=Government Aided, placement=good"
1036,Advanced Multi-Condition,Give me CSE colleges in Coimbatore with hostel good placement and fees below 1 lakh.,"branch=CSE, district=Coimbatore, hostel=yes, placement=good, fees=below 1 lakh"
1037,Advanced Multi-Condition,I have 180 cutoff and want an autonomous college with CSE or AI&DS near Chennai.,"cutoff=180, branch=CSE, branch=AI & Data Science, autonomous=yes, district=Chennai"
1038,Advanced Multi-Condition,Which colleges in Villupuram offer Petrochemical Engineering have hostel facilities and are suitable for 170 cutoff?,"district=Villupuram, branch=Petrochemical Engineering, hostel=yes, cutoff=170"
1039,Advanced Multi-Condition,Show me government or government-aided colleges for ECE with 175 cutoff.,"ownership=Government, ownership=Government Aided, branch=ECE, cutoff=175"
1040,Advanced Multi-Condition,I have 185 cutoff. Give me safe and moderate autonomous CSE colleges in Chennai and Chengalpattu.,"cutoff=185, branch=CSE, autonomous=yes, district=Chennai, district=Chengalpattu, safety=safe, safety=moderate"
1041,Advanced Multi-Condition,BC student 178 cutoff wants autonomous CSE college in Coimbatore with good placement.,"community=BC, cutoff=178, branch=CSE, autonomous=yes, district=Coimbatore, placement=good"
1042,Advanced Multi-Condition,I have 172 cutoff. Show government colleges in Madurai for Mechanical Engineering with hostel.,"cutoff=172, ownership=Government, district=Madurai, branch=Mechanical Engineering, hostel=yes"
1043,Advanced Multi-Condition,MBC student 185 cutoff wants CSE in autonomous college near Chennai with low fees.,"community=MBC, cutoff=185, branch=CSE, autonomous=yes, district=Chennai, fees=low"
1044,Advanced Multi-Condition,Show self-financing autonomous colleges in Coimbatore for ECE with placement above 80%.,"ownership=Self-Financing, autonomous=yes, district=Coimbatore, branch=ECE, placement=above 80%"
1045,Advanced Multi-Condition,I have 168 cutoff. Government or government-aided EEE colleges in Salem with hostel?,"cutoff=168, ownership=Government, ownership=Government Aided, branch=EEE, district=Salem, hostel=yes"
1046,Advanced Multi-Condition,OC student with 190 cutoff wants top autonomous CSE college in Chennai for software jobs.,"community=OC, cutoff=190, branch=CSE, autonomous=yes, district=Chennai, placement=software jobs"
1047,Advanced Multi-Condition,Colleges in Coimbatore for CSE with cutoff 180 autonomous and fees below 1 lakh.,"district=Coimbatore, branch=CSE, cutoff=180, autonomous=yes, fees=below 1 lakh"
1048,Advanced Multi-Condition,I am SC student with 162 cutoff. Which government colleges in Tiruchirappalli for Mechanical?,"community=SC, cutoff=162, ownership=Government, district=Tiruchirappalli, branch=Mechanical Engineering"
1049,Advanced Multi-Condition,Show government-aided CSE colleges in Coimbatore for 175 cutoff with good placements.,"ownership=Government Aided, branch=CSE, district=Coimbatore, cutoff=175, placement=good"
1050,Advanced Multi-Condition,I have 182 cutoff. Autonomous private colleges in Chennai for AI&DS with hostel.,"cutoff=182, autonomous=yes, ownership=Private, district=Chennai, branch=AI & Data Science, hostel=yes"
1051,Advanced Multi-Condition,BC student 170 cutoff self-financing CSE college in Madurai with hostel and good transport.,"community=BC, cutoff=170, ownership=Self-Financing, branch=CSE, district=Madurai, hostel=yes, transport=yes"
1052,Advanced Multi-Condition,Which autonomous colleges in Coimbatore offer IT with fees below 1 lakh and good placement?,"autonomous=yes, district=Coimbatore, branch=Information Technology, fees=below 1 lakh, placement=good"
1053,Advanced Multi-Condition,I have 177 cutoff. Show safe government or government-aided ECE colleges in Chennai.,"cutoff=177, safety=safe, ownership=Government, ownership=Government Aided, branch=ECE, district=Chennai"
1054,Advanced Multi-Condition,MBC student 180 cutoff wants CSE college near Salem with hostel facility.,"community=MBC, cutoff=180, branch=CSE, district=Salem, hostel=yes"
1055,Advanced Multi-Condition,Autonomous government colleges in Coimbatore for CSE with good placement?,"autonomous=yes, ownership=Government, district=Coimbatore, branch=CSE, placement=good"
1056,Advanced Multi-Condition,I have 173 cutoff. Show government colleges in Tamil Nadu for Chemical Engineering with hostel.,"cutoff=173, ownership=Government, branch=Chemical Engineering, hostel=yes"
1057,Advanced Multi-Condition,SC student 175 cutoff. Safe government colleges for ECE in Coimbatore.,"community=SC, cutoff=175, safety=safe, ownership=Government, branch=ECE, district=Coimbatore"
1058,Advanced Multi-Condition,Show private autonomous CSE colleges in Chennai for 185 cutoff with placement above 10 LPA.,"ownership=Private, autonomous=yes, branch=CSE, district=Chennai, cutoff=185, placement=above 10 LPA"
1059,Advanced Multi-Condition,I want IT colleges in Coimbatore cutoff around 175 with hostel and good placement.,"branch=Information Technology, district=Coimbatore, cutoff=175, hostel=yes, placement=good"
1060,Advanced Multi-Condition,OC student 193 cutoff. Ambitious autonomous CSE colleges near Chennai.,"community=OC, cutoff=193, safety=ambitious, autonomous=yes, branch=CSE, district=Chennai"
1061,Advanced Multi-Condition,I have 160 cutoff. Self-financing colleges in Madurai for Mechanical with hostel.,"cutoff=160, ownership=Self-Financing, district=Madurai, branch=Mechanical Engineering, hostel=yes"
1062,Advanced Multi-Condition,BC student 183 cutoff. Government aided autonomous CSE colleges in Coimbatore.,"community=BC, cutoff=183, ownership=Government Aided, autonomous=yes, branch=CSE, district=Coimbatore"
1063,Advanced Multi-Condition,Show low-fee autonomous CSE colleges in Coimbatore for 178 cutoff with good placements.,"fees=low, autonomous=yes, branch=CSE, district=Coimbatore, cutoff=178, placement=good"
1064,Advanced Multi-Condition,I have 155 cutoff. Any government college for Mechanical Engineering in Erode or Salem?,"cutoff=155, ownership=Government, branch=Mechanical Engineering, district=Erode, district=Salem"
1065,Advanced Multi-Condition,MBC student 176 cutoff wants AI&DS college in Coimbatore with hostel and low fees.,"community=MBC, cutoff=176, branch=AI & Data Science, district=Coimbatore, hostel=yes, fees=low"
1066,Advanced Multi-Condition,Show non-autonomous self-financing colleges in Madurai for CSE with good placement.,"autonomous=no, ownership=Self-Financing, district=Madurai, branch=CSE, placement=good"
1067,Advanced Multi-Condition,I have 188 cutoff and I am OC. Show me ambitious government colleges in Tamil Nadu.,"cutoff=188, community=OC, safety=ambitious, ownership=Government"
1068,Advanced Multi-Condition,Government colleges in Tiruchirappalli for CSE with cutoff 185 and good placement.,"ownership=Government, district=Tiruchirappalli, branch=CSE, cutoff=185, placement=good"
1069,Advanced Multi-Condition,SCA student 165 cutoff. Safe self-financing CSE colleges in Madurai with hostel.,"community=SCA, cutoff=165, safety=safe, ownership=Self-Financing, branch=CSE, district=Madurai, hostel=yes"
1070,Advanced Multi-Condition,Which autonomous government aided colleges in Coimbatore have ECE with good placements for 180 cutoff?,"autonomous=yes, ownership=Government Aided, district=Coimbatore, branch=ECE, placement=good, cutoff=180"
1071,Advanced Multi-Condition,I have 170 cutoff. Show moderate choices for CSE in autonomous colleges near Chennai with low fees.,"cutoff=170, safety=moderate, branch=CSE, autonomous=yes, district=Chennai, fees=low"
1072,Advanced Multi-Condition,BC student with 185 cutoff wants autonomous AI&DS college in Chennai with hostel.,"community=BC, cutoff=185, autonomous=yes, branch=AI & Data Science, district=Chennai, hostel=yes"
1073,Advanced Multi-Condition,Show government or government-aided colleges in Salem for Mechanical with hostel and 170 cutoff.,"ownership=Government, ownership=Government Aided, district=Salem, branch=Mechanical Engineering, hostel=yes, cutoff=170"
1074,Advanced Multi-Condition,I have 192 cutoff OC category. Top autonomous CSE colleges in Chennai with placement above 15 LPA.,"cutoff=192, community=OC, autonomous=yes, branch=CSE, district=Chennai, placement=above 15 LPA"
1075,Advanced Multi-Condition,Show self-financing IT colleges in Coimbatore with cutoff 178 hostel and fees below 1 lakh.,"ownership=Self-Financing, branch=Information Technology, district=Coimbatore, cutoff=178, hostel=yes, fees=below 1 lakh"
1076,Advanced Multi-Condition,I am MBC 168 cutoff. Government aided Mechanical colleges in Salem with good placement.,"community=MBC, cutoff=168, ownership=Government Aided, branch=Mechanical Engineering, district=Salem, placement=good"
1077,Advanced Multi-Condition,Autonomous CSE colleges in Madurai with cutoff around 180 and hostel facility.,"autonomous=yes, branch=CSE, district=Madurai, cutoff=180, hostel=yes"
1078,Advanced Multi-Condition,Which government colleges in Tamil Nadu have Mechanical Engineering with hostel for 165 cutoff?,"ownership=Government, branch=Mechanical Engineering, hostel=yes, cutoff=165"
1079,Advanced Multi-Condition,Show low fee government aided CSE colleges in Coimbatore with good placement for 175 cutoff.,"fees=low, ownership=Government Aided, branch=CSE, district=Coimbatore, placement=good, cutoff=175"
1080,Advanced Multi-Condition,I have 182 cutoff. SC student. Autonomous CSE colleges in Coimbatore with low fees.,"cutoff=182, community=SC, autonomous=yes, branch=CSE, district=Coimbatore, fees=low"
1081,Advanced Multi-Condition,OC student 197 cutoff. Top CSE colleges in Tamil Nadu with best placements autonomous.,"community=OC, cutoff=197, branch=CSE, placement=best, autonomous=yes"
1082,Advanced Multi-Condition,Show safe autonomous EEE colleges in Coimbatore for 172 cutoff BC student.,"safety=safe, autonomous=yes, branch=EEE, district=Coimbatore, cutoff=172, community=BC"
1083,Advanced Multi-Condition,I have 163 cutoff. Government or government-aided IT colleges in Madurai with hostel.,"cutoff=163, ownership=Government, ownership=Government Aided, branch=Information Technology, district=Madurai, hostel=yes"
1084,Advanced Multi-Condition,MBC student 179 cutoff wants CSE in autonomous college with hostel near Coimbatore.,"community=MBC, cutoff=179, branch=CSE, autonomous=yes, hostel=yes, district=Coimbatore"
1085,Advanced Multi-Condition,Show government-aided autonomous colleges in Chennai for AI&DS with 185 cutoff and placement.,"ownership=Government Aided, autonomous=yes, district=Chennai, branch=AI & Data Science, cutoff=185, placement=good"
1086,Advanced Multi-Condition,ST student 153 cutoff. Any self-financing CSE college in Madurai with hostel and low fees.,"community=ST, cutoff=153, ownership=Self-Financing, branch=CSE, district=Madurai, hostel=yes, fees=low"
1087,Advanced Multi-Condition,I have 188 cutoff. Ambitious autonomous CSE colleges in Chennai with placement above 12 LPA.,"cutoff=188, safety=ambitious, autonomous=yes, branch=CSE, district=Chennai, placement=above 12 LPA"
1088,Advanced Multi-Condition,Show private colleges in Coimbatore for Mechanical with hostel cutoff 170 and good placement.,"ownership=Private, district=Coimbatore, branch=Mechanical Engineering, hostel=yes, cutoff=170, placement=good"
1089,Advanced Multi-Condition,BCM student 174 cutoff. CSE or AI&DS in autonomous college near Chennai.,"community=BCM, cutoff=174, branch=CSE, branch=AI & Data Science, autonomous=yes, district=Chennai"
1090,Advanced Multi-Condition,Show low fee government colleges in Tamil Nadu for ECE with hostel and 175 cutoff.,"fees=low, ownership=Government, branch=ECE, hostel=yes, cutoff=175"
1091,Advanced Multi-Condition,I have 186 cutoff. Government college in Coimbatore for CSE with hostel and good placement.,"cutoff=186, ownership=Government, district=Coimbatore, branch=CSE, hostel=yes, placement=good"
1092,Advanced Multi-Condition,OC student 191 cutoff. Show autonomous government colleges in Tiruchirappalli for ECE.,"community=OC, cutoff=191, autonomous=yes, ownership=Government, district=Tiruchirappalli, branch=ECE"
1093,Advanced Multi-Condition,Which government aided colleges in Coimbatore have CSE and AI&DS for 180 cutoff?,"ownership=Government Aided, district=Coimbatore, branch=CSE, branch=AI & Data Science, cutoff=180"
1094,Advanced Multi-Condition,I have 158 cutoff. Self-financing ECE college in Vellore with hostel and transport.,"cutoff=158, ownership=Self-Financing, branch=ECE, district=Vellore, hostel=yes, transport=yes"
1095,Advanced Multi-Condition,MBC 180 cutoff wants autonomous CSE college in Coimbatore with good placement and low fees.,"community=MBC, cutoff=180, autonomous=yes, branch=CSE, district=Coimbatore, placement=good, fees=low"
1096,Advanced Multi-Condition,Show government colleges in South Tamil Nadu for Mechanical Engineering 165 cutoff with hostel.,"ownership=Government, branch=Mechanical Engineering, cutoff=165, hostel=yes"
1097,Advanced Multi-Condition,BC student 177 cutoff. Moderate autonomous CSE college near Chennai with placement.,"community=BC, cutoff=177, safety=moderate, autonomous=yes, branch=CSE, district=Chennai, placement=good"
1098,Advanced Multi-Condition,I have 162 cutoff. Government aided colleges in Erode for Mechanical with hostel facility.,"cutoff=162, ownership=Government Aided, district=Erode, branch=Mechanical Engineering, hostel=yes"
1099,Advanced Multi-Condition,OC student 185 cutoff. Autonomous IT or CSE colleges in Coimbatore with good placement.,"community=OC, cutoff=185, autonomous=yes, branch=Information Technology, branch=CSE, district=Coimbatore, placement=good"
1100,Advanced Multi-Condition,Which autonomous private colleges in Chennai offer AI&DS with hostel for 182 cutoff?,"autonomous=yes, ownership=Private, district=Chennai, branch=AI & Data Science, hostel=yes, cutoff=182"
1101,Advanced Multi-Condition,I have 171 cutoff. Show safe self-financing Mechanical colleges in Madurai with hostel.,"cutoff=171, safety=safe, ownership=Self-Financing, branch=Mechanical Engineering, district=Madurai, hostel=yes"
1102,Advanced Multi-Condition,SC student 178 cutoff. Government or government-aided CSE colleges in Tamil Nadu.,"community=SC, cutoff=178, ownership=Government, ownership=Government Aided, branch=CSE"
1103,Advanced Multi-Condition,Show autonomous colleges in Coimbatore for AI&ML with 183 cutoff and hostel.,"autonomous=yes, district=Coimbatore, branch=AI & ML, cutoff=183, hostel=yes"
1104,Advanced Multi-Condition,I have 167 cutoff. Private CSE colleges in Madurai with fees below 1 lakh and hostel.,"cutoff=167, ownership=Private, branch=CSE, district=Madurai, fees=below 1 lakh, hostel=yes"
1105,Advanced Multi-Condition,MBC student 190 cutoff. Ambitious CSE college in Coimbatore or Chennai with placement above 10 LPA.,"community=MBC, cutoff=190, safety=ambitious, branch=CSE, district=Coimbatore, district=Chennai, placement=above 10 LPA"
1106,Advanced Multi-Condition,Which government-aided autonomous colleges in Madurai offer ECE for 175 cutoff with hostel?,"ownership=Government Aided, autonomous=yes, district=Madurai, branch=ECE, cutoff=175, hostel=yes"
1107,Advanced Multi-Condition,I have 174 cutoff. Moderate CSE colleges in Salem or Namakkal with hostel.,"cutoff=174, safety=moderate, branch=CSE, district=Salem, district=Namakkal, hostel=yes"
1108,Advanced Multi-Condition,OC student 194 cutoff. Top autonomous CSE colleges in Tamil Nadu with placement above 10 LPA.,"community=OC, cutoff=194, autonomous=yes, branch=CSE, placement=above 10 LPA"
1109,Advanced Multi-Condition,Show government colleges in Tiruchirappalli for EEE 168 cutoff with hostel and good placement.,"ownership=Government, district=Tiruchirappalli, branch=EEE, cutoff=168, hostel=yes, placement=good"
1110,Advanced Multi-Condition,BC student 181 cutoff wants CSE in Coimbatore autonomous college with fees below 80000.,"community=BC, cutoff=181, branch=CSE, district=Coimbatore, autonomous=yes, fees=below 80000"
1111,Advanced Multi-Condition,I have 169 cutoff. Government-aided Mechanical colleges in Coimbatore with hostel.,"cutoff=169, ownership=Government Aided, branch=Mechanical Engineering, district=Coimbatore, hostel=yes"
1112,Advanced Multi-Condition,SCA student 172 cutoff. Self-financing CSE colleges in Madurai with hostel and low fees.,"community=SCA, cutoff=172, ownership=Self-Financing, branch=CSE, district=Madurai, hostel=yes, fees=low"
1113,Advanced Multi-Condition,Which autonomous private colleges in Coimbatore offer CSE for 187 cutoff with placement above 8 LPA?,"autonomous=yes, ownership=Private, district=Coimbatore, branch=CSE, cutoff=187, placement=above 8 LPA"
1114,Advanced Multi-Condition,I have 163 cutoff MBC category. Government CSE colleges in Tamil Nadu with hostel.,"cutoff=163, community=MBC, ownership=Government, branch=CSE, hostel=yes"
1115,Advanced Multi-Condition,Show moderate and ambitious autonomous CSE colleges near Chennai for 180 cutoff BC student.,"safety=moderate, safety=ambitious, autonomous=yes, branch=CSE, district=Chennai, cutoff=180, community=BC"
1116,Advanced Multi-Condition,Government colleges in Coimbatore for Mechanical Engineering 175 cutoff with hostel and good placement.,"ownership=Government, district=Coimbatore, branch=Mechanical Engineering, cutoff=175, hostel=yes, placement=good"
1117,Advanced Multi-Condition,I have 176 cutoff. Show autonomous IT colleges in Coimbatore with fees below 1 lakh.,"cutoff=176, autonomous=yes, branch=Information Technology, district=Coimbatore, fees=below 1 lakh"
1118,Advanced Multi-Condition,DNC student 160 cutoff. Safe self-financing colleges for ECE in Madurai with hostel.,"community=DNC, cutoff=160, safety=safe, ownership=Self-Financing, branch=ECE, district=Madurai, hostel=yes"
1119,Advanced Multi-Condition,Which government aided colleges in Salem offer CSE for 173 cutoff with good placements?,"ownership=Government Aided, district=Salem, branch=CSE, cutoff=173, placement=good"
1120,Advanced Multi-Condition,I have 195 cutoff OC. Top autonomous government colleges in Tamil Nadu for CSE or ECE.,"cutoff=195, community=OC, autonomous=yes, ownership=Government, branch=CSE, branch=ECE"
1121,Advanced Multi-Condition,BC student 175 cutoff wants safe autonomous CSE colleges in Coimbatore with hostel.,"community=BC, cutoff=175, safety=safe, autonomous=yes, branch=CSE, district=Coimbatore, hostel=yes"
1122,Advanced Multi-Condition,Show private colleges in Madurai for AI&DS with 178 cutoff hostel and good placement.,"ownership=Private, district=Madurai, branch=AI & Data Science, cutoff=178, hostel=yes, placement=good"
1123,Advanced Multi-Condition,I have 166 cutoff. Government aided ECE colleges in Tiruchirappalli with hostel facility.,"cutoff=166, ownership=Government Aided, branch=ECE, district=Tiruchirappalli, hostel=yes"
1124,Advanced Multi-Condition,MBC 184 cutoff autonomous CSE college near Chennai with hostel and placement above 8 LPA.,"community=MBC, cutoff=184, autonomous=yes, branch=CSE, district=Chennai, hostel=yes, placement=above 8 LPA"
1125,Advanced Multi-Condition,Which self-financing autonomous colleges in Coimbatore offer Mechanical for 170 cutoff with hostel?,"ownership=Self-Financing, autonomous=yes, district=Coimbatore, branch=Mechanical Engineering, cutoff=170, hostel=yes"
1126,Advanced Multi-Condition,I have 189 cutoff. Show ambitious government colleges in Tamil Nadu for CSE.,"cutoff=189, safety=ambitious, ownership=Government, branch=CSE"
1127,Advanced Multi-Condition,SC student 170 cutoff. Government college for ECE in Coimbatore with hostel.,"community=SC, cutoff=170, ownership=Government, branch=ECE, district=Coimbatore, hostel=yes"
1128,Advanced Multi-Condition,Show autonomous government aided colleges in Tiruchirappalli for CSE 180 cutoff with placement.,"autonomous=yes, ownership=Government Aided, district=Tiruchirappalli, branch=CSE, cutoff=180, placement=good"
1129,Advanced Multi-Condition,I have 172 cutoff. Low fee self-financing IT colleges in Coimbatore with hostel.,"cutoff=172, fees=low, ownership=Self-Financing, branch=Information Technology, district=Coimbatore, hostel=yes"
1130,Advanced Multi-Condition,OC student 192 cutoff. Ambitious autonomous private CSE colleges in Chennai with top placements.,"community=OC, cutoff=192, safety=ambitious, autonomous=yes, ownership=Private, branch=CSE, district=Chennai, placement=best"
1131,Advanced Multi-Condition,Give safe government colleges for 170 cutoff BC student ECE in Coimbatore with hostel.,"safety=safe, ownership=Government, cutoff=170, community=BC, branch=ECE, district=Coimbatore, hostel=yes"
1132,Advanced Multi-Condition,I have 178 cutoff. Moderate autonomous colleges in Chennai for AI&DS with hostel and low fees.,"cutoff=178, safety=moderate, autonomous=yes, district=Chennai, branch=AI & Data Science, hostel=yes, fees=low"
1133,Advanced Multi-Condition,MBC student 165 cutoff. Government aided colleges in Salem for Mechanical with hostel.,"community=MBC, cutoff=165, ownership=Government Aided, district=Salem, branch=Mechanical Engineering, hostel=yes"
1134,Advanced Multi-Condition,Show autonomous CSE colleges in Coimbatore for OC student 186 cutoff with placement above 10 LPA.,"autonomous=yes, branch=CSE, district=Coimbatore, community=OC, cutoff=186, placement=above 10 LPA"
1135,Advanced Multi-Condition,I have 157 cutoff. Self-financing colleges in Vellore for ECE with hostel and good transport.,"cutoff=157, ownership=Self-Financing, district=Vellore, branch=ECE, hostel=yes, transport=yes"
1136,Advanced Multi-Condition,BC 182 cutoff. Autonomous CSE or IT colleges in Coimbatore with low fees and hostel.,"community=BC, cutoff=182, autonomous=yes, branch=CSE, branch=Information Technology, district=Coimbatore, fees=low, hostel=yes"
1137,Advanced Multi-Condition,Show government colleges in Madurai for Mechanical 163 cutoff with hostel and low fees.,"ownership=Government, district=Madurai, branch=Mechanical Engineering, cutoff=163, hostel=yes, fees=low"
1138,Advanced Multi-Condition,I have 191 cutoff. Top autonomous government aided CSE colleges in Tamil Nadu with placement.,"cutoff=191, autonomous=yes, ownership=Government Aided, branch=CSE, placement=best"
1139,Advanced Multi-Condition,SCa student 168 cutoff safe government CSE college in Trichy with hostel.,"community=SCA, cutoff=168, safety=safe, ownership=Government, branch=CSE, district=Tiruchirappalli, hostel=yes"
1140,Advanced Multi-Condition,Which private autonomous colleges in Madurai offer CSE for 177 cutoff with fees below 1 lakh and hostel?,"ownership=Private, autonomous=yes, district=Madurai, branch=CSE, cutoff=177, fees=below 1 lakh, hostel=yes"
1141,Advanced Multi-Condition,I have 183 cutoff. Government colleges in Coimbatore for ECE or CSE with hostel.,"cutoff=183, ownership=Government, district=Coimbatore, branch=ECE, branch=CSE, hostel=yes"
1142,Advanced Multi-Condition,BCM 176 cutoff wants autonomous college for AI&DS in Chennai with hostel.,"community=BCM, cutoff=176, autonomous=yes, branch=AI & Data Science, district=Chennai, hostel=yes"
1143,Advanced Multi-Condition,Show government-aided Mechanical Engineering colleges in Coimbatore for 168 cutoff with hostel.,"ownership=Government Aided, branch=Mechanical Engineering, district=Coimbatore, cutoff=168, hostel=yes"
1144,Advanced Multi-Condition,I have 187 cutoff OC student. Ambitious CSE colleges in Coimbatore or Chennai autonomous.,"cutoff=187, community=OC, safety=ambitious, branch=CSE, district=Coimbatore, district=Chennai, autonomous=yes"
1145,Advanced Multi-Condition,MBC 171 cutoff moderate government colleges in Tamil Nadu for ECE with hostel and low fees.,"community=MBC, cutoff=171, safety=moderate, ownership=Government, branch=ECE, hostel=yes, fees=low"
1146,Advanced Multi-Condition,Which self-financing colleges in Erode offer CSE for 173 cutoff with hostel and good placement?,"ownership=Self-Financing, district=Erode, branch=CSE, cutoff=173, hostel=yes, placement=good"
1147,Advanced Multi-Condition,I have 179 cutoff. Autonomous government colleges for Mechanical or ECE in Coimbatore.,"cutoff=179, autonomous=yes, ownership=Government, branch=Mechanical Engineering, branch=ECE, district=Coimbatore"
1148,Advanced Multi-Condition,BC 175 cutoff. Safe government aided CSE colleges in Coimbatore with hostel and low fees.,"community=BC, cutoff=175, safety=safe, ownership=Government Aided, branch=CSE, district=Coimbatore, hostel=yes, fees=low"
1149,Advanced Multi-Condition,Show autonomous private colleges in Chennai for AI&DS 186 cutoff with hostel and top placement.,"autonomous=yes, ownership=Private, district=Chennai, branch=AI & Data Science, cutoff=186, hostel=yes, placement=best"
1150,Advanced Multi-Condition,I have 164 cutoff MBC. Government aided CSE colleges in Madurai with hostel and fees below 1 lakh.,"cutoff=164, community=MBC, ownership=Government Aided, branch=CSE, district=Madurai, hostel=yes, fees=below 1 lakh"
1151,Advanced Multi-Condition,OC 199 cutoff. Best autonomous government colleges in Tamil Nadu for CSE with top placements.,"community=OC, cutoff=199, autonomous=yes, ownership=Government, branch=CSE, placement=best"
1152,Advanced Multi-Condition,SC student 166 cutoff. Government colleges in Trichy for Mechanical with hostel.,"community=SC, cutoff=166, ownership=Government, district=Tiruchirappalli, branch=Mechanical Engineering, hostel=yes"
1153,Advanced Multi-Condition,I have 180 cutoff. Ambitious autonomous colleges in Coimbatore for ECE or AI&DS.,"cutoff=180, safety=ambitious, autonomous=yes, district=Coimbatore, branch=ECE, branch=AI & Data Science"
1154,Advanced Multi-Condition,MBC student 185 cutoff wants safe autonomous CSE college in Chennai with hostel and fees below 2 lakhs.,"community=MBC, cutoff=185, safety=safe, autonomous=yes, branch=CSE, district=Chennai, hostel=yes, fees=below 2 lakhs"
1155,Advanced Multi-Condition,Which government-aided colleges in Coimbatore offer AI&ML for 178 cutoff with hostel?,"ownership=Government Aided, district=Coimbatore, branch=AI & ML, cutoff=178, hostel=yes"
1156,Advanced Multi-Condition,I have 172 cutoff. BC student. Moderate autonomous colleges in Tamil Nadu for Mechanical with placement.,"cutoff=172, community=BC, safety=moderate, autonomous=yes, branch=Mechanical Engineering, placement=good"
1157,Advanced Multi-Condition,Show low-fee autonomous CSE colleges in Madurai for 176 cutoff with good placements and hostel.,"fees=low, autonomous=yes, branch=CSE, district=Madurai, cutoff=176, placement=good, hostel=yes"
1158,Advanced Multi-Condition,OC 198 cutoff. Top autonomous private CSE colleges in Tamil Nadu with placement above 15 LPA.,"community=OC, cutoff=198, autonomous=yes, ownership=Private, branch=CSE, placement=above 15 LPA"
1159,Advanced Multi-Condition,I have 163 cutoff. Government CSE colleges in Salem or Coimbatore with hostel and good transport.,"cutoff=163, ownership=Government, branch=CSE, district=Salem, district=Coimbatore, hostel=yes, transport=yes"
1160,Advanced Multi-Condition,BC student 188 cutoff wants ambitious CSE college in Chennai autonomous with placement above 12 LPA.,"community=BC, cutoff=188, safety=ambitious, branch=CSE, district=Chennai, autonomous=yes, placement=above 12 LPA"
1161,Advanced Multi-Condition,Which autonomous government-aided colleges in Tamil Nadu offer ECE for 182 cutoff with hostel?,"autonomous=yes, ownership=Government Aided, branch=ECE, cutoff=182, hostel=yes"
1162,Advanced Multi-Condition,I have 169 cutoff. MBC student. Government aided IT colleges in Coimbatore with hostel.,"cutoff=169, community=MBC, ownership=Government Aided, branch=Information Technology, district=Coimbatore, hostel=yes"
1163,Advanced Multi-Condition,Show autonomous private colleges in Coimbatore for CSE 189 cutoff with high placement packages.,"autonomous=yes, ownership=Private, district=Coimbatore, branch=CSE, cutoff=189, placement=high package"
1164,Advanced Multi-Condition,I have 174 cutoff SC student. Safe government colleges for ECE in Tamil Nadu with hostel and low fees.,"cutoff=174, community=SC, safety=safe, ownership=Government, branch=ECE, hostel=yes, fees=low"
1165,Advanced Multi-Condition,BCM 179 cutoff. Autonomous CSE colleges near Chennai with good placement and hostel below 3000/month.,"community=BCM, cutoff=179, autonomous=yes, branch=CSE, district=Chennai, placement=good, hostel=yes"
1166,Advanced Multi-Condition,Which government colleges in Coimbatore offer both CSE and IT for 183 cutoff with hostel?,"ownership=Government, district=Coimbatore, branch=CSE, branch=Information Technology, cutoff=183, hostel=yes"
1167,Advanced Multi-Condition,I have 177 cutoff OC. Top autonomous private colleges in Chennai for AI&DS with hostel and placement above 10 LPA.,"cutoff=177, community=OC, autonomous=yes, ownership=Private, district=Chennai, branch=AI & Data Science, hostel=yes, placement=above 10 LPA"
1168,Advanced Multi-Condition,MBC 162 cutoff. Safe government aided colleges in Madurai for ECE with hostel.,"community=MBC, cutoff=162, safety=safe, ownership=Government Aided, district=Madurai, branch=ECE, hostel=yes"
1169,Advanced Multi-Condition,Show self-financing autonomous CSE colleges in Coimbatore for 184 cutoff with fees below 1.5 lakhs.,"ownership=Self-Financing, autonomous=yes, branch=CSE, district=Coimbatore, cutoff=184, fees=below 1.5 lakhs"
1170,Advanced Multi-Condition,I have 193 cutoff. OC student. Ambitious autonomous government CSE colleges in Tamil Nadu.,"cutoff=193, community=OC, safety=ambitious, autonomous=yes, ownership=Government, branch=CSE"
1171,Advanced Multi-Condition,BC 167 cutoff. Moderate self-financing colleges in Erode for Mechanical with hostel and transport.,"community=BC, cutoff=167, safety=moderate, ownership=Self-Financing, district=Erode, branch=Mechanical Engineering, hostel=yes, transport=yes"
1172,Advanced Multi-Condition,Which autonomous government colleges in Madurai offer CSE for 180 cutoff with hostel and good placement?,"autonomous=yes, ownership=Government, district=Madurai, branch=CSE, cutoff=180, hostel=yes, placement=good"
1173,Advanced Multi-Condition,I have 158 cutoff. ST student. Any government college for Mechanical in Tamil Nadu with hostel.,"cutoff=158, community=ST, ownership=Government, branch=Mechanical Engineering, hostel=yes"
1174,Advanced Multi-Condition,MBC 186 cutoff. Safe and moderate autonomous CSE colleges in Coimbatore or Chennai.,"community=MBC, cutoff=186, safety=safe, safety=moderate, autonomous=yes, branch=CSE, district=Coimbatore, district=Chennai"
1175,Advanced Multi-Condition,Which private colleges in Madurai have AI&DS with cutoff 175 hostel and low fees?,"ownership=Private, district=Madurai, branch=AI & Data Science, cutoff=175, hostel=yes, fees=low"
1176,Advanced Multi-Condition,I have 171 cutoff. Government aided colleges in Erode for CSE with hostel and good placements.,"cutoff=171, ownership=Government Aided, district=Erode, branch=CSE, hostel=yes, placement=good"
1177,Advanced Multi-Condition,SC student 184 cutoff. Autonomous private colleges in Chennai for CSE with hostel and placement above 8 LPA.,"community=SC, cutoff=184, autonomous=yes, ownership=Private, district=Chennai, branch=CSE, hostel=yes, placement=above 8 LPA"
1178,Advanced Multi-Condition,Show government-aided autonomous colleges in Tiruchirappalli for AI&DS 177 cutoff with hostel.,"ownership=Government Aided, autonomous=yes, district=Tiruchirappalli, branch=AI & Data Science, cutoff=177, hostel=yes"
1179,Advanced Multi-Condition,I have 166 cutoff BC. Self-financing colleges in Madurai for Mechanical with hostel and fees below 1 lakh.,"cutoff=166, community=BC, ownership=Self-Financing, district=Madurai, branch=Mechanical Engineering, hostel=yes, fees=below 1 lakh"
1180,Advanced Multi-Condition,Which autonomous CSE colleges in Coimbatore for 191 cutoff have placement above 10 LPA and hostel?,"autonomous=yes, branch=CSE, district=Coimbatore, cutoff=191, placement=above 10 LPA, hostel=yes"
1181,Advanced Multi-Condition,OC 182 cutoff. Moderate autonomous government aided CSE colleges in Tamil Nadu.,"community=OC, cutoff=182, safety=moderate, autonomous=yes, ownership=Government Aided, branch=CSE"
1182,Advanced Multi-Condition,Show safe government colleges in Salem for ECE 170 cutoff with hostel and good transport.,"safety=safe, ownership=Government, district=Salem, branch=ECE, cutoff=170, hostel=yes, transport=yes"
1183,Advanced Multi-Condition,I have 175 cutoff. SCA student. Autonomous government aided CSE colleges in Coimbatore with hostel.,"cutoff=175, community=SCA, autonomous=yes, ownership=Government Aided, branch=CSE, district=Coimbatore, hostel=yes"
1184,Advanced Multi-Condition,Show moderate autonomous CSE colleges near Chennai for BC 178 cutoff with low fees.,"safety=moderate, autonomous=yes, branch=CSE, district=Chennai, community=BC, cutoff=178, fees=low"
1185,Advanced Multi-Condition,I have 168 cutoff. Government colleges in Tamil Nadu for Biotechnology with hostel.,"cutoff=168, ownership=Government, branch=Biotechnology, hostel=yes"
1186,Advanced Multi-Condition,BCM 183 cutoff. Ambitious autonomous CSE colleges in Coimbatore with placement above 8 LPA.,"community=BCM, cutoff=183, safety=ambitious, autonomous=yes, branch=CSE, district=Coimbatore, placement=above 8 LPA"
1187,Advanced Multi-Condition,Which government-aided colleges in Vellore offer ECE for 174 cutoff with hostel?,"ownership=Government Aided, district=Vellore, branch=ECE, cutoff=174, hostel=yes"
1188,Advanced Multi-Condition,I have 195 cutoff OC student. Ambitious top autonomous CSE or AI&DS colleges in Tamil Nadu.,"cutoff=195, community=OC, safety=ambitious, autonomous=yes, branch=CSE, branch=AI & Data Science"
1189,Advanced Multi-Condition,MBC 169 cutoff. Safe government or government-aided Mechanical colleges in Coimbatore with hostel.,"community=MBC, cutoff=169, safety=safe, ownership=Government, ownership=Government Aided, branch=Mechanical Engineering, district=Coimbatore, hostel=yes"
1190,Advanced Multi-Condition,Show autonomous private colleges in Madurai for AI&ML 181 cutoff with hostel and good placement.,"autonomous=yes, ownership=Private, district=Madurai, branch=AI & ML, cutoff=181, hostel=yes, placement=good"
1191,Advanced Multi-Condition,I have 176 cutoff. BC student. Safe CSE colleges in Coimbatore with hostel and low fees.,"cutoff=176, community=BC, safety=safe, branch=CSE, district=Coimbatore, hostel=yes, fees=low"
1192,Advanced Multi-Condition,Which autonomous government colleges in Tamil Nadu for ECE 187 cutoff have hostel and placement above 10 LPA?,"autonomous=yes, ownership=Government, branch=ECE, cutoff=187, hostel=yes, placement=above 10 LPA"
1193,Advanced Multi-Condition,SCA 163 cutoff. Government aided colleges in Madurai for CSE with hostel.,"community=SCA, cutoff=163, ownership=Government Aided, district=Madurai, branch=CSE, hostel=yes"
1194,Advanced Multi-Condition,Show low-fee autonomous colleges in Coimbatore for IT 180 cutoff with good placement and hostel.,"fees=low, autonomous=yes, district=Coimbatore, branch=Information Technology, cutoff=180, placement=good, hostel=yes"
1195,Advanced Multi-Condition,I have 173 cutoff OC. Moderate government aided autonomous CSE colleges in Tamil Nadu.,"cutoff=173, community=OC, safety=moderate, ownership=Government Aided, autonomous=yes, branch=CSE"
1196,Advanced Multi-Condition,BC 188 cutoff. Ambitious autonomous private CSE college in Chennai with placement above 15 LPA.,"community=BC, cutoff=188, safety=ambitious, autonomous=yes, ownership=Private, branch=CSE, district=Chennai, placement=above 15 LPA"
1197,Advanced Multi-Condition,Show government colleges in Tiruchirappalli for Mechanical 172 cutoff with hostel and transport.,"ownership=Government, district=Tiruchirappalli, branch=Mechanical Engineering, cutoff=172, hostel=yes, transport=yes"
1198,Advanced Multi-Condition,I have 181 cutoff. MBC student. Autonomous CSE colleges in Coimbatore with good placement.,"cutoff=181, community=MBC, autonomous=yes, branch=CSE, district=Coimbatore, placement=good"
1199,Advanced Multi-Condition,Which self-financing colleges in Chennai offer AI&DS for 183 cutoff with hostel and placement above 8 LPA?,"ownership=Self-Financing, district=Chennai, branch=AI & Data Science, cutoff=183, hostel=yes, placement=above 8 LPA"
1200,Advanced Multi-Condition,I have 170 cutoff OC student. Safe government or government-aided IT colleges in Tamil Nadu with hostel.,"cutoff=170, community=OC, safety=safe, ownership=Government, ownership=Government Aided, branch=Information Technology, hostel=yes"
